,Date,Open,High,Low,Close
0,107/01/02,"10,664.82","10,710.73","10,650.77","10,710.73"
1,107/01/03,"10,759.61","10,813.16","10,759.61","10,801.57"
2,107/01/04,"10,834.58","10,853.46","10,794.25","10,848.63"
3,107/01/05,"10,856.92","10,879.80","10,815.68","10,879.80"
4,107/01/08,"10,899.09","10,918.47","10,869.12","10,915.75"
5,107/01/09,"10,922.35","10,931.00","10,860.77","10,914.89"
6,107/01/10,"10,915.32","10,934.75","10,819.25","10,831.09"
7,107/01/11,"10,824.54","10,844.08","10,770.10","10,810.06"
8,107/01/12,"10,818.24","10,899.98","10,818.24","10,883.96"
9,107/01/15,"10,932.37","10,962.55","10,911.89","10,956.31"
10,107/01/16,"10,955.81","10,986.11","10,920.50","10,986.11"
11,107/01/17,"10,976.13","11,030.22","10,942.95","11,004.80"
12,107/01/18,"11,048.06","11,122.82","11,048.06","11,071.57"
13,107/01/19,"11,123.58","11,150.85","11,095.85","11,150.85"
14,107/01/22,"11,169.79","11,231.46","11,142.38","11,231.46"
15,107/01/23,"11,243.49","11,270.18","11,201.52","11,253.11"
16,107/01/24,"11,228.71","11,228.71","11,107.32","11,152.16"
17,107/01/25,"11,154.36","11,268.61","11,131.85","11,165.95"
18,107/01/26,"11,152.53","11,178.30","11,089.48","11,147.10"
19,107/01/29,"11,202.27","11,246.18","11,161.83","11,221.81"
20,107/01/30,"11,189.57","11,189.57","11,076.78","11,076.78"
21,107/01/31,"11,054.36","11,158.29","11,007.89","11,103.79"
22,107/02/01,"11,139.40","11,212.10","11,139.40","11,160.25"
23,107/02/02,"11,151.65","11,153.32","11,070.43","11,126.23"
24,107/02/05,"10,970.30","10,970.30","10,855.43","10,946.25"
25,107/02/06,"10,761.01","10,761.01","10,300.40","10,404.00"
26,107/02/07,"10,547.64","10,697.82","10,547.64","10,551.54"
27,107/02/08,"10,559.44","10,609.50","10,512.93","10,528.52"
28,107/02/09,"10,371.01","10,392.31","10,189.04","10,371.75"
29,107/02/12,"10,429.09","10,473.51","10,416.01","10,421.09"
30,107/02/21,"10,559.79","10,720.48","10,559.79","10,714.44"
31,107/02/22,"10,698.47","10,698.47","10,620.80","10,662.38"
32,107/02/23,"10,688.97","10,799.29","10,688.97","10,794.55"
33,107/02/26,"10,827.98","10,890.69","10,827.98","10,836.70"
34,107/02/27,"10,896.16","10,937.90","10,815.47","10,815.47"
35,107/03/01,"10,779.10","10,805.55","10,709.69","10,785.79"
36,107/03/02,"10,719.29","10,719.29","10,638.98","10,698.17"
37,107/03/05,"10,727.45","10,756.37","10,642.90","10,642.90"
38,107/03/06,"10,711.15","10,784.34","10,711.15","10,784.34"
39,107/03/07,"10,762.99","10,818.05","10,745.32","10,745.32"
40,107/03/08,"10,788.43","10,852.33","10,788.43","10,823.24"
41,107/03/09,"10,847.74","10,882.76","10,845.38","10,864.82"
42,107/03/12,"10,908.99","11,016.56","10,908.99","11,002.10"
43,107/03/13,"11,022.15","11,095.63","11,014.87","11,095.63"
44,107/03/14,"11,063.73","11,070.29","11,015.47","11,038.80"
45,107/03/15,"11,039.60","11,052.11","11,008.18","11,018.45"
46,107/03/16,"11,010.24","11,054.86","10,933.46","11,027.70"
47,107/03/19,"11,004.81","11,066.00","10,983.25","11,046.90"
48,107/03/20,"11,016.85","11,020.78","10,981.04","11,010.84"
49,107/03/21,"11,037.35","11,072.31","11,011.07","11,011.07"
50,107/03/22,"11,045.90","11,120.20","10,975.33","11,005.84"
51,107/03/23,"10,863.67","10,863.67","10,758.06","10,823.33"
52,107/03/26,"10,783.57","10,840.05","10,781.43","10,840.05"
53,107/03/27,"10,901.69","10,986.79","10,901.69","10,986.79"
54,107/03/28,"10,939.97","10,939.97","10,853.48","10,865.66"
55,107/03/29,"10,855.66","10,889.60","10,815.46","10,845.92"
56,107/03/30,"10,905.30","10,969.22","10,905.30","10,906.22"
57,107/03/31,"10,925.71","10,947.16","10,905.69","10,919.49"
58,107/04/02,"10,936.26","10,969.88","10,882.05","10,888.27"
59,107/04/03,"10,837.54","10,837.54","10,775.45","10,821.53"
60,107/04/09,"10,880.14","10,904.75","10,829.02","10,893.53"
61,107/04/10,"10,885.64","10,975.67","10,874.83","10,927.18"
62,107/04/11,"10,961.70","11,016.35","10,953.31","10,974.02"
63,107/04/12,"10,984.12","11,008.20","10,920.62","10,955.29"
64,107/04/13,"10,975.58","10,988.23","10,938.37","10,965.39"
65,107/04/16,"10,962.36","10,974.94","10,921.17","10,954.55"
66,107/04/17,"10,953.51","10,965.20","10,799.07","10,810.45"
67,107/04/18,"10,842.88","10,917.60","10,809.89","10,847.89"
68,107/04/19,"10,891.66","10,983.96","10,889.71","10,971.22"
69,107/04/20,"10,802.42","10,831.56","10,770.05","10,779.38"
70,107/04/23,"10,756.89","10,774.73","10,687.25","10,697.13"
71,107/04/24,"10,680.38","10,692.19","10,540.15","10,579.50"
72,107/04/25,"10,541.83","10,573.73","10,489.20","10,559.97"
73,107/04/26,"10,583.08","10,618.68","10,478.98","10,488.58"
74,107/04/27,"10,546.29","10,573.61","10,495.67","10,553.43"
75,107/04/30,"10,553.41","10,660.61","10,539.63","10,657.88"
76,107/05/02,"10,665.52","10,683.90","10,601.10","10,618.81"
77,107/05/03,"10,578.98","10,578.98","10,509.03","10,514.18"
78,107/05/04,"10,516.45","10,566.37","10,500.97","10,529.37"
79,107/05/07,"10,581.78","10,632.62","10,555.56","10,604.91"
80,107/05/08,"10,610.44","10,691.38","10,609.04","10,691.38"
81,107/05/09,"10,692.89","10,748.60","10,689.81","10,703.35"
82,107/05/10,"10,731.68","10,782.06","10,731.68","10,760.21"
83,107/05/11,"10,808.40","10,874.63","10,808.40","10,858.98"
84,107/05/14,"10,938.30","10,970.24","10,908.86","10,952.39"
85,107/05/15,"10,965.08","10,978.38","10,874.73","10,874.73"
86,107/05/16,"10,873.54","10,915.74","10,865.07","10,897.57"
87,107/05/17,"10,911.74","10,938.63","10,833.81","10,833.81"
88,107/05/18,"10,844.09","10,893.35","10,819.07","10,830.84"
89,107/05/21,"10,861.66","10,979.10","10,861.66","10,966.20"
90,107/05/22,"10,986.77","11,034.12","10,938.73","10,938.73"
91,107/05/23,"10,974.52","10,991.86","10,886.18","10,886.18"
92,107/05/24,"10,910.61","10,942.64","10,883.52","10,936.93"
93,107/05/25,"10,946.62","10,977.81","10,918.12","10,942.30"
94,107/05/28,"10,976.49","10,999.43","10,965.18","10,987.77"
95,107/05/29,"10,979.68","10,986.53","10,929.56","10,964.12"
96,107/05/30,"10,925.21","10,925.21","10,799.75","10,821.17"
97,107/05/31,"10,856.03","10,909.61","10,853.65","10,874.96"
98,107/06/01,"10,882.68","10,954.67","10,876.97","10,949.08"
99,107/06/04,"11,002.15","11,109.50","11,002.15","11,109.50"
100,107/06/05,"11,130.03","11,131.08","11,054.62","11,100.11"
101,107/06/06,"11,111.14","11,207.15","11,111.14","11,201.83"
102,107/06/07,"11,228.64","11,261.68","11,188.99","11,251.75"
103,107/06/08,"11,243.59","11,243.59","11,122.98","11,156.42"
104,107/06/11,"11,168.99","11,186.67","11,118.81","11,149.23"
105,107/06/12,"11,140.02","11,160.05","11,088.53","11,144.79"
106,107/06/13,"11,153.20","11,188.01","11,119.24","11,173.21"
107,107/06/14,"11,143.04","11,143.04","11,013.98","11,013.98"
108,107/06/15,"10,998.20","11,087.47","10,981.61","11,087.47"
109,107/06/19,"11,008.77","11,008.77","10,904.19","10,904.19"
110,107/06/20,"10,904.80","10,969.20","10,842.56","10,927.44"
111,107/06/21,"10,949.85","10,992.31","10,941.07","10,941.07"
112,107/06/22,"10,901.25","10,914.83","10,828.86","10,899.28"
113,107/06/25,"10,834.07","10,851.16","10,786.46","10,786.46"
114,107/06/26,"10,730.90","10,752.99","10,651.42","10,742.17"
115,107/06/27,"10,766.88","10,800.34","10,701.03","10,701.03"
116,107/06/28,"10,669.42","10,723.84","10,633.01","10,654.28"
117,107/06/29,"10,667.64","10,836.91","10,667.64","10,836.91"
118,107/07/02,"10,852.17","10,886.20","10,777.94","10,777.94"
119,107/07/03,"10,802.88","10,873.48","10,707.68","10,715.72"
120,107/07/04,"10,714.25","10,752.05","10,680.44","10,721.87"
121,107/07/05,"10,690.91","10,709.80","10,585.27","10,611.81"
122,107/07/06,"10,645.66","10,665.72","10,523.58","10,608.57"
123,107/07/09,"10,638.90","10,746.74","10,638.90","10,720.28"
124,107/07/10,"10,737.62","10,776.47","10,728.24","10,756.89"
125,107/07/11,"10,693.64","10,693.64","10,635.03","10,676.84"
126,107/07/12,"10,644.91","10,752.57","10,643.65","10,738.38"
127,107/07/13,"10,769.70","10,864.54","10,769.70","10,864.54"
128,107/07/16,"10,867.97","10,890.20","10,817.45","10,817.45"
129,107/07/17,"10,802.75","10,818.84","10,758.83","10,778.99"
130,107/07/18,"10,811.43","10,872.74","10,788.37","10,842.46"
131,107/07/19,"10,868.56","10,896.25","10,826.14","10,835.38"
132,107/07/20,"10,932.51","10,963.95","10,893.73","10,932.11"
133,107/07/23,"10,929.46","10,984.84","10,901.75","10,946.89"
134,107/07/24,"10,937.77","10,995.39","10,917.61","10,995.39"
135,107/07/25,"10,957.66","10,992.29","10,956.00","10,965.79"
136,107/07/26,"10,969.35","11,018.19","10,966.33","11,010.61"
137,107/07/27,"11,023.07","11,075.78","11,009.16","11,075.78"
138,107/07/30,"11,072.70","11,080.41","11,001.15","11,033.54"
139,107/07/31,"10,997.73","11,057.51","10,976.46","11,057.51"
140,107/08/01,"11,062.36","11,100.02","11,058.28","11,098.13"
141,107/08/02,"11,095.67","11,095.67","10,919.13","10,929.77"
142,107/08/03,"10,957.30","11,012.43","10,957.30","11,012.43"
143,107/08/06,"10,997.26","11,054.49","10,994.97","11,024.10"
144,107/08/07,"11,024.97","11,030.09","10,983.44","10,983.44"
145,107/08/08,"11,026.07","11,095.50","11,026.07","11,075.25"
146,107/08/09,"11,063.62","11,063.62","11,001.96","11,028.07"
147,107/08/10,"11,009.96","11,033.89","10,972.25","10,983.68"
148,107/08/13,"10,939.68","10,939.68","10,693.73","10,748.92"
149,107/08/14,"10,797.95","10,829.85","10,755.53","10,824.23"
150,107/08/15,"10,827.28","10,827.28","10,688.59","10,716.75"
151,107/08/16,"10,663.57","10,725.71","10,606.26","10,683.90"
152,107/08/17,"10,702.60","10,757.01","10,688.55","10,690.96"
153,107/08/20,"10,698.76","10,729.90","10,663.44","10,699.05"
154,107/08/21,"10,697.01","10,792.20","10,697.01","10,792.20"
155,107/08/22,"10,790.24","10,828.21","10,774.69","10,804.20"
156,107/08/23,"10,817.33","10,863.13","10,802.79","10,863.13"
157,107/08/24,"10,865.91","10,865.91","10,770.32","10,809.35"
158,107/08/27,"10,847.17","10,916.69","10,847.17","10,902.21"
159,107/08/28,"10,946.33","11,005.55","10,946.33","10,989.55"
160,107/08/29,"11,029.12","11,099.57","11,029.11","11,099.57"
161,107/08/30,"11,153.97","11,186.05","11,080.07","11,093.75"
162,107/08/31,"11,037.26","11,063.94","10,987.68","11,063.94"
163,107/09/03,"11,087.86","11,097.11","10,952.85","10,964.22"
164,107/09/04,"10,981.39","11,028.27","10,956.49","11,021.38"
165,107/09/05,"11,042.41","11,058.06","10,989.93","10,995.13"
166,107/09/06,"11,016.92","11,016.92","10,905.34","10,924.30"
167,107/09/07,"10,922.55","10,922.55","10,807.56","10,846.99"
168,107/09/10,"10,869.80","10,877.72","10,689.29","10,725.80"
169,107/09/11,"10,723.00","10,765.42","10,669.59","10,752.30"
170,107/09/12,"10,762.91","10,779.93","10,667.25","10,722.57"
171,107/09/13,"10,726.67","10,758.84","10,701.25","10,727.23"
172,107/09/14,"10,776.53","10,882.04","10,770.47","10,868.14"
173,107/09/17,"10,881.78","10,883.98","10,806.73","10,828.61"
174,107/09/18,"10,794.22","10,806.56","10,750.81","10,760.21"
175,107/09/19,"10,808.50","10,882.75","10,808.50","10,857.27"
176,107/09/20,"10,886.19","10,908.36","10,814.54","10,831.41"
177,107/09/21,"10,857.10","10,972.41","10,835.84","10,972.41"
178,107/09/25,"10,959.56","11,003.49","10,941.77","10,978.85"
179,107/09/26,"10,974.08","11,007.35","10,947.29","10,974.19"
180,107/09/27,"10,973.77","11,051.09","10,961.27","11,034.19"
181,107/09/28,"11,050.09","11,073.95","10,966.96","11,006.34"
182,107/10/01,"11,014.19","11,062.43","11,012.95","11,051.80"
183,107/10/02,"11,048.89","11,064.34","10,906.42","10,919.63"
184,107/10/03,"10,918.74","10,926.73","10,839.46","10,863.94"
185,107/10/04,"10,826.19","10,826.19","10,707.76","10,718.91"
186,107/10/05,"10,665.29","10,669.63","10,446.94","10,517.12"
187,107/10/08,"10,467.85","10,507.83","10,403.13","10,455.93"
188,107/10/09,"10,464.39","10,503.10","10,428.97","10,466.83"
189,107/10/11,"10,272.04","10,272.04","9,797.93","9,806.11"
190,107/10/12,"9,811.58","10,046.01","9,740.76","10,045.81"
191,107/10/15,"9,989.63","9,989.63","9,890.47","9,901.12"
192,107/10/16,"9,891.97","10,011.19","9,888.73","9,981.10"
193,107/10/17,"10,048.43","10,127.01","9,978.25","9,979.14"
194,107/10/18,"9,975.46","10,019.50","9,919.79","9,953.73"
195,107/10/19,"9,879.47","9,919.26","9,762.91","9,919.26"
196,107/10/22,"9,871.30","9,984.15","9,822.15","9,974.28"
197,107/10/23,"9,912.28","9,912.28","9,775.20","9,775.20"
198,107/10/24,"9,774.29","9,809.19","9,667.85","9,759.40"
199,107/10/25,"9,622.95","9,622.95","9,475.61","9,520.79"
200,107/10/26,"9,570.19","9,629.07","9,400.69","9,489.18"
201,107/10/29,"9,515.43","9,554.35","9,459.12","9,516.32"
202,107/10/30,"9,508.81","9,574.83","9,481.66","9,526.11"
203,107/10/31,"9,588.86","9,802.13","9,588.86","9,802.13"
204,107/11/01,"9,812.20","9,869.59","9,742.61","9,844.74"
205,107/11/02,"9,871.40","9,906.59","9,817.29","9,906.59"
206,107/11/05,"9,856.85","9,889.81","9,786.25","9,889.81"
207,107/11/06,"9,888.41","9,899.97","9,782.86","9,824.95"
208,107/11/07,"9,818.15","9,912.53","9,817.95","9,908.35"
209,107/11/08,"9,958.47","10,014.42","9,938.55","9,945.31"
210,107/11/09,"9,921.78","9,921.78","9,798.45","9,830.01"
211,107/11/12,"9,806.80","9,875.84","9,764.46","9,831.21"
212,107/11/13,"9,727.17","9,777.35","9,616.16","9,775.84"
213,107/11/14,"9,799.69","9,823.25","9,763.89","9,791.88"
214,107/11/15,"9,806.58","9,844.39","9,755.12","9,826.46"
215,107/11/16,"9,819.05","9,851.29","9,770.87","9,797.09"
216,107/11/19,"9,795.47","9,836.02","9,779.40","9,828.69"
217,107/11/20,"9,788.95","9,800.03","9,726.80","9,743.99"
218,107/11/21,"9,698.52","9,753.69","9,632.47","9,741.52"
219,107/11/22,"9,769.33","9,792.99","9,702.77","9,714.71"
220,107/11/23,"9,730.64","9,738.80","9,654.91","9,667.30"
221,107/11/26,"9,679.98","9,847.35","9,679.98","9,765.36"
222,107/11/27,"9,728.95","9,781.40","9,688.74","9,778.62"
223,107/11/28,"9,774.03","9,890.89","9,767.14","9,884.31"
224,107/11/29,"9,959.87","10,001.85","9,885.36","9,885.36"
225,107/11/30,"9,899.24","9,957.63","9,888.03","9,888.03"
226,107/12/03,"9,979.21","10,148.75","9,979.21","10,137.87"
227,107/12/04,"10,120.43","10,126.02","10,061.70","10,083.54"
228,107/12/05,"9,971.98","9,971.98","9,895.29","9,916.74"
229,107/12/06,"9,850.08","9,850.08","9,664.75","9,684.72"
230,107/12/07,"9,719.46","9,785.20","9,719.46","9,760.88"
231,107/12/10,"9,722.97","9,722.97","9,626.47","9,647.54"
232,107/12/11,"9,661.72","9,720.96","9,661.72","9,707.04"
233,107/12/12,"9,741.45","9,835.56","9,741.45","9,816.45"
234,107/12/13,"9,827.32","9,871.96","9,815.50","9,858.76"
235,107/12/14,"9,818.95","9,818.95","9,718.94","9,774.16"
236,107/12/17,"9,762.49","9,826.88","9,733.98","9,787.53"
237,107/12/18,"9,756.46","9,756.67","9,701.10","9,718.82"
238,107/12/19,"9,720.92","9,783.21","9,720.92","9,783.21"
239,107/12/20,"9,729.29","9,741.55","9,658.50","9,674.52"
240,107/12/21,"9,648.98","9,683.95","9,585.32","9,676.67"
241,107/12/22,"9,639.24","9,652.19","9,625.31","9,646.16"
242,107/12/24,"9,646.53","9,658.95","9,613.29","9,639.70"
243,107/12/25,"9,559.70","9,559.70","9,479.06","9,527.09"
244,107/12/26,"9,544.87","9,591.91","9,473.30","9,478.99"
245,107/12/27,"9,555.01","9,670.97","9,555.01","9,641.56"
246,107/12/28,"9,649.97","9,727.41","9,630.77","9,727.41"
247,108/01/02,"9,725.27","9,737.68","9,542.52","9,554.14"
248,108/01/03,"9,494.25","9,554.53","9,474.47","9,492.42"
249,108/01/04,"9,427.24","9,427.24","9,319.28","9,382.51"
250,108/01/07,"9,460.20","9,596.35","9,460.20","9,590.30"
251,108/01/08,"9,591.56","9,600.94","9,547.63","9,563.60"
252,108/01/09,"9,584.63","9,741.64","9,584.63","9,738.31"
253,108/01/10,"9,731.11","9,731.11","9,683.20","9,720.69"
254,108/01/11,"9,753.63","9,796.98","9,736.00","9,759.40"
255,108/01/14,"9,737.67","9,762.37","9,677.49","9,708.22"
256,108/01/15,"9,701.93","9,806.04","9,701.93","9,806.04"
257,108/01/16,"9,781.35","9,803.99","9,763.81","9,763.81"
258,108/01/17,"9,773.31","9,826.25","9,759.51","9,789.15"
259,108/01/18,"9,781.39","9,842.80","9,771.15","9,836.06"
260,108/01/21,"9,870.27","9,919.94","9,870.27","9,889.40"
261,108/01/22,"9,880.54","9,894.66","9,855.47","9,894.66"
262,108/01/23,"9,869.54","9,873.39","9,828.03","9,846.40"
263,108/01/24,"9,865.00","9,892.82","9,847.32","9,877.12"
264,108/01/25,"9,923.39","9,980.08","9,918.21","9,969.61"
265,108/01/28,"10,006.46","10,020.60","9,990.07","10,013.33"
266,108/01/29,"9,944.71","9,952.34","9,893.96","9,931.59"
267,108/01/30,"9,915.97","9,959.03","9,909.81","9,932.26"
268,108/02/11,"10,029.84","10,065.52","9,988.83","10,004.25"
269,108/02/12,"10,032.08","10,100.23","10,032.08","10,097.74"
270,108/02/13,"10,123.61","10,140.98","10,074.34","10,090.58"
271,108/02/14,"10,095.99","10,135.62","10,082.00","10,089.01"
272,108/02/15,"10,111.18","10,135.16","10,055.50","10,064.78"
273,108/02/18,"10,096.94","10,165.77","10,096.94","10,145.28"
274,108/02/19,"10,152.11","10,173.47","10,143.15","10,152.26"
275,108/02/20,"10,181.94","10,272.46","10,181.94","10,272.46"
276,108/02/21,"10,282.32","10,319.53","10,256.53","10,319.53"
277,108/02/22,"10,309.02","10,322.92","10,269.95","10,322.92"
278,108/02/25,"10,343.45","10,390.93","10,343.45","10,390.93"
279,108/02/26,"10,403.03","10,416.91","10,368.86","10,391.55"
280,108/02/27,"10,385.81","10,403.05","10,343.56","10,389.17"
281,108/03/04,"10,385.25","10,402.39","10,313.18","10,349.88"
282,108/03/05,"10,323.25","10,334.34","10,295.44","10,305.26"
283,108/03/06,"10,328.18","10,359.12","10,327.90","10,357.15"
284,108/03/07,"10,359.47","10,367.98","10,299.46","10,311.68"
285,108/03/08,"10,274.28","10,274.28","10,204.21","10,241.75"
286,108/03/11,"10,224.27","10,269.30","10,214.02","10,250.28"
287,108/03/12,"10,294.37","10,382.12","10,294.37","10,343.33"
288,108/03/13,"10,331.27","10,373.32","10,331.27","10,373.32"
289,108/03/14,"10,391.30","10,407.27","10,339.64","10,348.65"
290,108/03/15,"10,374.66","10,439.24","10,370.00","10,439.24"
291,108/03/18,"10,455.19","10,512.70","10,445.74","10,512.70"
292,108/03/19,"10,497.40","10,525.60","10,484.69","10,512.32"
293,108/03/20,"10,529.30","10,556.81","10,506.96","10,551.56"
294,108/03/21,"10,563.93","10,612.34","10,551.67","10,609.55"
295,108/03/22,"10,642.57","10,667.94","10,589.47","10,639.07"
296,108/03/25,"10,535.12","10,535.12","10,458.79","10,479.48"
297,108/03/26,"10,506.68","10,559.20","10,506.68","10,559.20"
298,108/03/27,"10,542.68","10,556.75","10,515.86","10,542.70"
299,108/03/28,"10,529.02","10,536.26","10,499.29","10,536.26"
300,108/03/29,"10,551.99","10,641.04","10,525.27","10,641.04"
301,108/04/01,"10,714.68","10,735.07","10,627.01","10,642.63"
302,108/04/02,"10,695.47","10,728.38","10,685.10","10,690.30"
303,108/04/03,"10,725.17","10,741.56","10,690.23","10,704.38"
304,108/04/08,"10,759.96","10,807.05","10,759.96","10,800.57"
305,108/04/09,"10,805.39","10,851.60","10,793.77","10,851.60"
306,108/04/10,"10,839.93","10,875.65","10,815.61","10,868.14"
307,108/04/11,"10,869.24","10,887.12","10,797.76","10,808.77"
308,108/04/12,"10,820.94","10,836.44","10,782.02","10,805.30"
309,108/04/15,"10,849.84","10,897.21","10,849.55","10,875.60"
310,108/04/16,"10,905.63","10,927.85","10,876.34","10,927.85"
311,108/04/17,"10,961.61","11,016.92","10,961.61","10,997.26"
312,108/04/18,"11,038.24","11,077.99","10,926.85","10,962.02"
313,108/04/19,"11,017.69","11,045.08","10,950.43","10,968.50"
314,108/04/22,"10,994.52","11,027.49","10,974.82","10,987.71"
315,108/04/23,"10,994.28","11,025.68","10,949.30","11,025.68"
316,108/04/24,"11,054.02","11,070.85","10,995.83","11,027.64"
317,108/04/25,"11,017.73","11,046.77","11,006.68","11,039.86"
318,108/04/26,"10,986.53","10,986.53","10,906.44","10,952.47"
319,108/04/29,"10,952.91","10,992.55","10,905.78","10,939.06"
320,108/04/30,"10,945.94","10,978.10","10,910.78","10,967.73"
321,108/05/02,"10,992.76","11,046.64","10,988.70","11,004.49"
322,108/05/03,"11,037.99","11,097.00","11,018.86","11,096.30"
323,108/05/06,"11,005.36","11,005.36","10,870.40","10,897.12"
324,108/05/07,"10,913.95","11,004.76","10,913.95","10,987.14"
325,108/05/08,"10,938.47","10,946.82","10,867.06","10,923.71"
326,108/05/09,"10,910.47","10,910.47","10,732.97","10,733.67"
327,108/05/10,"10,751.55","10,834.69","10,669.39","10,712.99"
328,108/05/13,"10,684.04","10,693.44","10,549.06","10,558.29"
329,108/05/14,"10,480.21","10,544.97","10,363.02","10,519.25"
330,108/05/15,"10,535.24","10,612.50","10,535.24","10,560.71"
331,108/05/16,"10,556.58","10,573.93","10,474.61","10,474.61"
332,108/05/17,"10,508.56","10,564.97","10,384.11","10,384.11"
333,108/05/20,"10,405.36","10,465.84","10,385.18","10,398.41"
334,108/05/21,"10,362.35","10,477.20","10,342.32","10,464.50"
335,108/05/22,"10,481.10","10,520.62","10,453.50","10,457.22"
336,108/05/23,"10,404.00","10,404.00","10,289.69","10,308.37"
337,108/05/24,"10,313.15","10,370.97","10,308.59","10,328.28"
338,108/05/27,"10,344.18","10,365.44","10,305.28","10,334.13"
339,108/05/28,"10,348.58","10,361.61","10,312.31","10,312.31"
340,108/05/29,"10,277.35","10,307.75","10,227.44","10,301.78"
341,108/05/30,"10,307.12","10,384.36","10,306.03","10,382.99"
342,108/05/31,"10,386.12","10,515.10","10,369.02","10,498.49"
343,108/06/03,"10,482.45","10,511.20","10,383.51","10,500.07"
344,108/06/04,"10,499.51","10,518.33","10,421.81","10,429.12"
345,108/06/05,"10,497.50","10,541.29","10,446.51","10,461.62"
346,108/06/06,"10,409.90","10,429.33","10,371.08","10,409.20"
347,108/06/10,"10,486.23","10,566.47","10,466.24","10,566.47"
348,108/06/11,"10,567.54","10,637.90","10,548.06","10,607.76"
349,108/06/12,"10,605.75","10,630.69","10,566.37","10,615.66"
350,108/06/13,"10,582.19","10,617.06","10,539.49","10,561.01"
351,108/06/14,"10,546.42","10,568.92","10,517.82","10,524.67"
352,108/06/17,"10,488.70","10,562.97","10,474.19","10,530.54"
353,108/06/18,"10,547.15","10,573.77","10,521.70","10,566.74"
354,108/06/19,"10,650.48","10,778.64","10,650.48","10,775.34"
355,108/06/20,"10,749.41","10,799.14","10,745.25","10,785.01"
356,108/06/21,"10,817.71","10,840.29","10,773.47","10,803.77"
357,108/06/24,"10,734.25","10,786.33","10,695.49","10,779.45"
358,108/06/25,"10,777.18","10,787.62","10,693.04","10,706.72"
359,108/06/26,"10,661.39","10,690.98","10,645.37","10,652.55"
360,108/06/27,"10,674.20","10,800.29","10,674.20","10,773.90"
361,108/06/28,"10,786.66","10,788.08","10,719.08","10,730.83"
362,108/07/01,"10,821.30","10,914.85","10,821.30","10,895.46"
363,108/07/02,"10,878.01","10,888.21","10,843.64","10,865.12"
364,108/07/03,"10,793.10","10,812.65","10,720.66","10,743.77"
365,108/07/04,"10,755.87","10,791.28","10,750.90","10,775.90"
366,108/07/05,"10,785.85","10,812.38","10,756.67","10,785.73"
367,108/07/08,"10,742.81","10,781.11","10,708.92","10,751.22"
368,108/07/09,"10,729.83","10,733.57","10,680.85","10,702.78"
369,108/07/10,"10,723.23","10,810.16","10,723.23","10,798.48"
370,108/07/11,"10,817.60","10,856.51","10,799.65","10,843.42"
371,108/07/12,"10,855.16","10,867.59","10,823.89","10,824.35"
372,108/07/15,"10,819.92","10,880.56","10,769.57","10,876.43"
373,108/07/16,"10,865.00","10,899.84","10,865.00","10,886.05"
374,108/07/17,"10,861.11","10,861.11","10,804.34","10,828.48"
375,108/07/18,"10,821.92","10,835.43","10,792.27","10,799.28"
376,108/07/19,"10,861.99","10,919.96","10,861.99","10,873.19"
377,108/07/22,"10,910.50","10,949.76","10,909.15","10,944.53"
378,108/07/23,"10,963.86","10,994.44","10,932.53","10,947.26"
379,108/07/24,"10,969.74","10,976.46","10,912.92","10,935.76"
380,108/07/25,"10,892.25","10,945.92","10,879.40","10,941.41"
381,108/07/26,"10,898.25","10,907.44","10,879.24","10,891.98"
382,108/07/29,"10,872.63","10,905.74","10,863.33","10,885.73"
383,108/07/30,"10,909.98","10,927.16","10,827.74","10,830.90"
384,108/07/31,"10,824.15","10,835.80","10,754.07","10,823.81"
385,108/08/01,"10,773.06","10,773.25","10,714.73","10,731.75"
386,108/08/02,"10,641.28","10,641.28","10,524.68","10,549.04"
387,108/08/05,"10,528.87","10,542.49","10,418.25","10,423.41"
388,108/08/06,"10,304.88","10,425.60","10,180.04","10,394.75"
389,108/08/07,"10,422.89","10,461.37","10,366.54","10,386.18"
390,108/08/08,"10,383.62","10,500.77","10,383.62","10,494.49"
391,108/08/12,"10,491.79","10,514.05","10,440.77","10,472.36"
392,108/08/13,"10,436.62","10,436.62","10,361.89","10,362.66"
393,108/08/14,"10,444.50","10,518.02","10,427.73","10,427.73"
394,108/08/15,"10,374.75","10,374.75","10,287.76","10,327.13"
395,108/08/16,"10,345.42","10,456.32","10,318.37","10,420.89"
396,108/08/19,"10,449.39","10,516.05","10,449.39","10,488.75"
397,108/08/20,"10,508.42","10,538.12","10,497.13","10,522.50"
398,108/08/21,"10,526.87","10,545.25","10,504.49","10,525.80"
399,108/08/22,"10,560.01","10,596.41","10,515.72","10,529.78"
400,108/08/23,"10,526.15","10,541.73","10,503.07","10,538.11"
401,108/08/26,"10,453.40","10,453.40","10,340.15","10,354.57"
402,108/08/27,"10,386.21","10,431.78","10,368.96","10,387.23"
403,108/08/28,"10,397.60","10,456.30","10,397.60","10,434.29"
404,108/08/29,"10,440.15","10,466.99","10,406.49","10,462.43"
405,108/08/30,"10,504.28","10,618.05","10,504.28","10,618.05"
406,108/09/02,"10,613.19","10,634.85","10,589.42","10,634.85"
407,108/09/03,"10,629.22","10,650.15","10,557.03","10,558.21"
408,108/09/04,"10,566.32","10,670.43","10,566.32","10,657.31"
409,108/09/05,"10,718.40","10,766.60","10,714.27","10,756.93"
410,108/09/06,"10,783.46","10,803.07","10,753.45","10,780.64"
411,108/09/09,"10,808.68","10,829.44","10,778.15","10,801.14"
412,108/09/10,"10,791.95","10,810.03","10,732.78","10,753.58"
413,108/09/11,"10,787.65","10,815.59","10,746.87","10,790.35"
414,108/09/12,"10,830.25","10,862.68","10,804.02","10,827.55"
415,108/09/16,"10,822.69","10,898.13","10,822.69","10,898.13"
416,108/09/17,"10,908.85","10,912.23","10,866.43","10,874.50"
417,108/09/18,"10,887.42","10,971.54","10,878.34","10,929.45"
418,108/09/19,"10,947.62","10,954.18","10,874.66","10,894.70"
419,108/09/20,"10,908.10","10,931.76","10,903.45","10,929.69"
420,108/09/23,"10,924.81","10,948.19","10,905.92","10,919.02"
421,108/09/24,"10,917.44","10,947.53","10,886.62","10,918.01"
422,108/09/25,"10,885.67","10,885.67","10,825.85","10,873.69"
423,108/09/26,"10,909.57","10,934.91","10,856.96","10,871.99"
424,108/09/27,"10,904.00","10,921.17","10,827.61","10,829.68"
425,108/10/01,"10,855.60","10,967.65","10,855.60","10,967.65"
426,108/10/02,"10,945.92","10,965.20","10,927.39","10,947.88"
427,108/10/03,"10,866.50","10,888.40","10,809.28","10,875.91"
428,108/10/04,"10,907.69","10,941.49","10,854.12","10,894.48"
429,108/10/07,"10,932.24","10,954.45","10,919.43","10,935.06"
430,108/10/08,"10,986.01","11,020.51","10,986.01","11,017.31"
431,108/10/09,"10,976.93","10,989.39","10,889.96","10,889.96"
432,108/10/14,"11,004.74","11,085.49","11,004.74","11,066.95"
433,108/10/15,"11,103.50","11,126.45","11,091.29","11,111.80"
434,108/10/16,"11,166.17","11,180.11","11,113.18","11,162.83"
435,108/10/17,"11,156.14","11,186.88","11,131.45","11,186.88"
436,108/10/18,"11,190.21","11,237.38","11,154.86","11,180.22"
437,108/10/21,"11,166.24","11,188.13","11,147.86","11,184.15"
438,108/10/22,"11,221.19","11,271.25","11,218.25","11,271.25"
439,108/10/23,"11,266.18","11,281.12","11,209.10","11,239.67"
440,108/10/24,"11,266.84","11,320.14","11,254.59","11,320.14"
441,108/10/25,"11,336.64","11,347.18","11,281.37","11,296.12"
442,108/10/28,"11,321.99","11,341.03","11,295.44","11,315.02"
443,108/10/29,"11,347.39","11,373.95","11,292.83","11,333.87"
444,108/10/30,"11,336.97","11,380.28","11,306.95","11,380.28"
445,108/10/31,"11,393.68","11,428.42","11,358.71","11,358.71"
446,108/11/01,"11,373.70","11,399.53","11,335.51","11,399.53"
447,108/11/04,"11,451.72","11,559.07","11,451.72","11,556.85"
448,108/11/05,"11,576.18","11,644.03","11,576.18","11,644.03"
449,108/11/06,"11,645.08","11,668.20","11,601.70","11,653.07"
450,108/11/07,"11,642.91","11,647.47","11,552.08","11,606.56"
451,108/11/08,"11,620.89","11,642.41","11,561.31","11,579.54"
452,108/11/11,"11,570.33","11,570.33","11,409.83","11,427.28"
453,108/11/12,"11,463.33","11,520.37","11,459.68","11,520.37"
454,108/11/13,"11,483.24","11,509.37","11,439.09","11,467.83"
455,108/11/14,"11,488.74","11,498.25","11,424.77","11,450.42"
456,108/11/15,"11,485.46","11,552.25","11,485.46","11,525.60"
457,108/11/18,"11,543.80","11,599.78","11,532.97","11,599.78"
458,108/11/19,"11,608.48","11,656.40","11,576.79","11,656.40"
459,108/11/20,"11,645.73","11,649.07","11,591.73","11,631.20"
460,108/11/21,"11,573.84","11,573.84","11,478.43","11,558.27"
461,108/11/22,"11,556.75","11,577.02","11,534.15","11,566.80"
462,108/11/25,"11,590.81","11,604.75","11,559.33","11,561.58"
463,108/11/26,"11,608.37","11,642.96","11,576.82","11,576.82"
464,108/11/27,"11,590.81","11,651.73","11,590.81","11,647.46"
465,108/11/28,"11,641.70","11,654.06","11,604.68","11,617.08"
466,108/11/29,"11,616.88","11,623.59","11,485.16","11,489.57"
467,108/12/02,"11,509.94","11,524.85","11,454.38","11,502.83"
468,108/12/03,"11,473.32","11,531.58","11,460.06","11,531.58"
469,108/12/04,"11,511.82","11,513.83","11,457.43","11,510.47"
470,108/12/05,"11,546.75","11,604.39","11,546.75","11,594.65"
471,108/12/06,"11,639.80","11,657.65","11,577.83","11,609.64"
472,108/12/09,"11,635.47","11,678.36","11,631.03","11,660.77"
473,108/12/10,"11,647.78","11,649.73","11,607.26","11,627.84"
474,108/12/11,"11,635.07","11,700.77","11,622.58","11,700.77"
475,108/12/12,"11,766.98","11,875.98","11,766.98","11,836.42"
476,108/12/13,"11,937.90","11,990.78","11,913.02","11,927.73"
477,108/12/16,"11,915.61","11,975.73","11,915.61","11,939.77"
478,108/12/17,"11,939.62","12,097.01","11,939.62","12,097.01"
479,108/12/18,"12,061.10","12,125.90","12,059.92","12,122.45"
480,108/12/19,"12,082.98","12,111.77","12,008.16","12,018.90"
481,108/12/20,"12,001.56","12,028.22","11,937.45","11,959.08"
482,108/12/23,"11,969.14","12,022.23","11,960.21","12,022.23"
483,108/12/24,"12,023.79","12,027.60","11,976.38","11,976.38"
484,108/12/25,"11,978.94","12,032.37","11,973.95","12,008.13"
485,108/12/26,"12,018.38","12,030.66","11,982.64","12,001.01"
486,108/12/27,"12,032.72","12,093.02","12,032.72","12,091.59"
487,108/12/30,"12,094.81","12,114.89","12,046.22","12,053.37"
488,108/12/31,"12,019.19","12,047.75","11,997.14","11,997.14"
489,109/01/02,"12,026.50","12,110.74","12,026.23","12,100.48"
490,109/01/03,"12,167.44","12,197.64","12,023.60","12,110.43"
491,109/01/06,"12,035.71","12,040.08","11,953.36","11,953.36"
492,109/01/07,"11,961.97","11,986.03","11,822.40","11,880.32"
493,109/01/08,"11,818.76","11,899.67","11,777.45","11,817.10"
494,109/01/09,"11,889.46","11,992.55","11,889.46","11,970.63"
495,109/01/10,"12,009.27","12,038.21","11,959.06","12,024.65"
496,109/01/13,"12,069.61","12,113.42","12,037.24","12,113.42"
497,109/01/14,"12,161.73","12,186.62","12,140.27","12,179.81"
498,109/01/15,"12,169.92","12,169.92","12,048.01","12,091.88"
499,109/01/16,"12,006.08","12,075.54","12,006.08","12,066.93"
500,109/01/17,"12,080.72","12,117.55","12,055.91","12,090.29"
501,109/01/20,"12,107.56","12,151.42","12,101.55","12,118.71"
502,109/01/30,"11,933.23","11,933.23","11,418.22","11,421.74"
503,109/01/31,"11,494.03","11,594.21","11,436.95","11,495.10"
504,109/02/03,"11,365.90","11,365.90","11,138.03","11,354.92"
505,109/02/04,"11,399.46","11,581.36","11,393.03","11,555.92"
506,109/02/05,"11,601.55","11,620.42","11,512.71","11,573.62"
507,109/02/06,"11,605.11","11,749.68","11,605.11","11,749.68"
508,109/02/07,"11,712.71","11,712.71","11,592.09","11,612.81"
509,109/02/10,"11,514.72","11,598.03","11,423.34","11,574.07"
510,109/02/11,"11,614.25","11,678.58","11,614.25","11,664.04"
511,109/02/12,"11,693.40","11,801.52","11,693.40","11,774.19"
512,109/02/13,"11,813.50","11,854.98","11,784.94","11,791.78"
513,109/02/14,"11,806.52","11,840.79","11,788.87","11,815.70"
514,109/02/17,"11,770.30","11,775.56","11,724.82","11,763.51"
515,109/02/18,"11,700.91","11,717.10","11,642.95","11,648.98"
516,109/02/19,"11,655.37","11,783.43","11,654.16","11,758.84"
517,109/02/20,"11,785.78","11,827.83","11,714.15","11,725.09"
518,109/02/21,"11,721.16","11,755.17","11,661.63","11,686.35"
519,109/02/24,"11,615.28","11,615.28","11,512.08","11,534.87"
520,109/02/25,"11,506.74","11,567.09","11,415.47","11,540.23"
521,109/02/26,"11,468.60","11,494.22","11,408.06","11,433.62"
522,109/02/27,"11,436.96","11,470.23","11,274.52","11,292.17"
523,109/03/02,"11,184.66","11,282.05","11,049.85","11,170.46"
524,109/03/03,"11,279.86","11,390.24","11,279.86","11,327.72"
525,109/03/04,"11,368.25","11,392.35","11,297.81","11,392.35"
526,109/03/05,"11,454.65","11,525.32","11,454.65","11,514.82"
527,109/03/06,"11,471.36","11,471.36","11,310.32","11,321.81"
528,109/03/09,"11,221.76","11,221.76","10,977.64","10,977.64"
529,109/03/10,"10,907.62","11,032.47","10,830.22","11,003.54"
530,109/03/11,"11,022.82","11,088.23","10,885.91","10,893.75"
531,109/03/12,"10,845.39","10,845.39","10,359.67","10,422.32"
532,109/03/13,"10,091.03","10,171.20","9,636.15","10,128.87"
533,109/03/16,"10,069.42","10,130.80","9,717.77","9,717.77"
534,109/03/17,"9,538.64","9,677.07","9,371.35","9,439.63"
535,109/03/18,"9,453.98","9,509.61","9,218.67","9,218.67"
536,109/03/19,"9,085.28","9,085.28","8,523.63","8,681.34"
537,109/03/20,"8,816.86","9,264.42","8,816.86","9,234.09"
538,109/03/23,"9,025.55","9,029.52","8,750.14","8,890.03"
539,109/03/24,"9,083.78","9,415.64","9,083.78","9,285.62"
540,109/03/25,"9,426.43","9,722.37","9,426.43","9,644.75"
541,109/03/26,"9,667.14","9,739.73","9,565.02","9,736.36"
542,109/03/27,"9,807.90","9,954.86","9,691.14","9,698.92"
543,109/03/30,"9,571.22","9,655.70","9,415.52","9,629.43"
544,109/03/31,"9,689.62","9,789.81","9,630.30","9,708.06"
545,109/04/01,"9,726.20","9,736.00","9,663.63","9,663.63"
546,109/04/06,"9,707.75","9,818.74","9,651.52","9,818.74"
547,109/04/07,"9,928.16","10,039.15","9,928.16","9,996.39"
548,109/04/08,"10,010.64","10,149.76","9,984.66","10,137.47"
549,109/04/09,"10,173.26","10,246.84","10,092.36","10,119.43"
550,109/04/10,"10,105.43","10,165.12","10,103.77","10,157.61"
551,109/04/13,"10,147.56","10,179.40","10,080.65","10,099.22"
552,109/04/14,"10,130.65","10,344.13","10,130.65","10,332.94"
553,109/04/15,"10,366.77","10,461.84","10,366.77","10,447.21"
554,109/04/16,"10,385.78","10,425.29","10,317.13","10,375.48"
555,109/04/17,"10,554.55","10,710.15","10,552.58","10,597.04"
556,109/04/20,"10,612.45","10,637.64","10,542.96","10,586.71"
557,109/04/21,"10,544.80","10,544.80","10,278.95","10,288.42"
558,109/04/22,"10,256.11","10,310.85","10,140.09","10,307.74"
559,109/04/23,"10,370.13","10,462.70","10,294.88","10,366.51"
560,109/04/24,"10,367.97","10,386.93","10,324.20","10,347.36"
561,109/04/27,"10,407.49","10,578.96","10,407.49","10,567.27"
562,109/04/28,"10,580.25","10,620.52","10,537.71","10,616.06"
563,109/04/29,"10,656.40","10,794.83","10,656.40","10,772.22"
564,109/04/30,"10,826.26","11,012.78","10,826.26","10,992.14"
565,109/05/04,"10,781.51","10,781.51","10,658.50","10,720.48"
566,109/05/05,"10,756.95","10,833.53","10,735.01","10,774.61"
567,109/05/06,"10,771.09","10,828.73","10,708.10","10,774.98"
568,109/05/07,"10,778.53","10,890.87","10,775.16","10,842.92"
569,109/05/08,"10,883.22","10,970.70","10,883.22","10,901.42"
570,109/05/11,"10,942.18","11,039.11","10,942.18","11,013.26"
571,109/05/12,"10,974.51","10,974.51","10,854.51","10,879.47"
572,109/05/13,"10,861.01","10,938.27","10,828.93","10,938.27"
573,109/05/14,"10,894.17","10,894.17","10,777.46","10,780.88"
574,109/05/15,"10,833.16","10,904.01","10,730.55","10,814.92"
575,109/05/18,"10,753.21","10,812.87","10,730.70","10,740.55"
576,109/05/19,"10,812.79","10,924.79","10,812.79","10,860.44"
577,109/05/20,"10,892.76","10,933.98","10,860.15","10,907.80"
578,109/05/21,"10,933.21","11,021.66","10,933.21","11,008.31"
579,109/05/22,"10,977.55","10,977.55","10,804.56","10,811.15"
580,109/05/25,"10,812.94","10,874.54","10,719.25","10,871.18"
581,109/05/26,"10,903.32","11,046.22","10,903.32","10,997.21"
582,109/05/27,"11,023.93","11,069.72","10,972.25","11,014.66"
583,109/05/28,"11,040.62","11,087.53","10,915.30","10,944.19"
584,109/05/29,"10,921.16","10,965.03","10,861.90","10,942.16"
585,109/06/01,"10,971.40","11,109.29","10,971.40","11,079.02"
586,109/06/02,"11,109.27","11,170.49","11,102.97","11,127.93"
587,109/06/03,"11,182.52","11,330.52","11,182.52","11,320.16"
588,109/06/04,"11,373.94","11,425.42","11,341.58","11,393.23"
589,109/06/05,"11,418.01","11,482.36","11,411.94","11,479.40"
590,109/06/08,"11,539.00","11,631.89","11,528.44","11,610.32"
591,109/06/09,"11,600.61","11,640.45","11,537.38","11,637.11"
592,109/06/10,"11,635.99","11,740.90","11,621.02","11,720.16"
593,109/06/11,"11,738.49","11,771.12","11,516.59","11,535.77"
594,109/06/12,"11,406.54","11,442.30","11,244.64","11,429.94"
595,109/06/15,"11,436.28","11,469.84","11,299.45","11,306.26"
596,109/06/16,"11,380.67","11,542.25","11,380.67","11,511.64"
597,109/06/17,"11,525.50","11,550.32","11,482.32","11,534.59"
598,109/06/18,"11,534.20","11,567.42","11,485.39","11,548.33"
599,109/06/19,"11,557.27","11,584.88","11,542.37","11,549.86"
600,109/06/22,"11,553.91","11,632.88","11,553.91","11,572.93"
601,109/06/23,"11,618.42","11,679.40","11,530.85","11,612.36"
602,109/06/24,"11,647.86","11,701.23","11,637.79","11,660.67"
603,109/06/29,"11,608.80","11,608.80","11,500.65","11,542.62"
604,109/06/30,"11,563.60","11,638.00","11,563.60","11,621.24"
605,109/07/01,"11,622.64","11,736.39","11,622.64","11,703.42"
606,109/07/02,"11,694.10","11,805.21","11,690.95","11,805.14"
607,109/07/03,"11,857.90","11,933.59","11,857.90","11,909.16"
608,109/07/06,"11,941.84","12,116.70","11,941.84","12,116.70"
609,109/07/07,"12,176.79","12,249.95","12,028.57","12,092.97"
610,109/07/08,"12,086.13","12,190.27","12,083.84","12,170.19"
611,109/07/09,"12,222.90","12,273.43","12,181.34","12,192.69"
612,109/07/10,"12,250.44","12,253.58","12,030.20","12,073.68"
613,109/07/13,"12,109.61","12,216.24","12,109.61","12,211.56"
614,109/07/14,"12,202.89","12,228.31","12,143.91","12,209.01"
615,109/07/15,"12,233.99","12,320.48","12,162.52","12,202.85"
616,109/07/16,"12,173.04","12,220.93","12,107.04","12,157.74"
617,109/07/17,"12,195.72","12,266.93","12,144.62","12,181.56"
618,109/07/20,"12,205.25","12,221.33","12,065.80","12,174.54"
619,109/07/21,"12,242.32","12,450.16","12,242.32","12,397.55"
620,109/07/22,"12,389.76","12,486.95","12,389.40","12,473.27"
621,109/07/23,"12,423.02","12,429.76","12,347.86","12,413.04"
622,109/07/24,"12,467.43","12,502.84","12,266.55","12,304.04"
623,109/07/27,"12,618.69","12,686.36","12,586.91","12,588.30"
624,109/07/28,"12,951.72","13,031.70","12,533.19","12,586.73"
625,109/07/29,"12,530.74","12,660.87","12,488.01","12,540.97"
626,109/07/30,"12,691.86","12,769.47","12,616.83","12,722.92"
627,109/07/31,"12,653.46","12,733.48","12,635.71","12,664.80"
628,109/08/03,"12,642.73","12,673.02","12,506.59","12,513.03"
629,109/08/04,"12,577.88","12,709.92","12,577.88","12,709.92"
630,109/08/05,"12,762.34","12,816.39","12,739.99","12,802.30"
631,109/08/06,"12,894.24","12,971.87","12,851.20","12,913.50"
632,109/08/07,"12,901.43","12,912.63","12,791.18","12,828.87"
633,109/08/10,"12,786.80","12,933.16","12,786.80","12,894.00"
634,109/08/11,"12,856.46","12,906.01","12,780.19","12,780.19"
635,109/08/12,"12,713.63","12,730.96","12,625.54","12,670.35"
636,109/08/13,"12,758.87","12,812.80","12,717.13","12,763.13"
637,109/08/14,"12,709.97","12,801.31","12,679.19","12,795.46"
638,109/08/17,"12,813.94","12,956.11","12,800.69","12,956.11"
639,109/08/18,"12,974.96","12,981.58","12,840.25","12,872.14"
640,109/08/19,"12,904.84","12,950.11","12,778.64","12,778.64"
641,109/08/20,"12,764.75","12,764.75","12,144.76","12,362.64"
642,109/08/21,"12,462.52","12,638.65","12,462.52","12,607.84"
643,109/08/24,"12,629.78","12,702.94","12,567.95","12,647.13"
644,109/08/25,"12,706.40","12,814.56","12,698.85","12,758.25"
645,109/08/26,"12,768.96","12,833.29","12,734.69","12,833.29"
646,109/08/27,"12,888.65","12,960.68","12,786.45","12,797.31"
647,109/08/28,"12,759.30","12,799.16","12,674.57","12,728.85"
648,109/08/31,"12,763.44","12,831.38","12,591.45","12,591.45"
649,109/09/01,"12,617.39","12,703.28","12,565.83","12,703.28"
650,109/09/02,"12,772.43","12,802.61","12,646.47","12,699.50"
651,109/09/03,"12,774.97","12,857.79","12,732.32","12,757.97"
652,109/09/04,"12,645.92","12,655.67","12,559.78","12,637.95"
653,109/09/07,"12,645.93","12,725.05","12,575.36","12,601.40"
654,109/09/08,"12,637.42","12,702.55","12,614.72","12,663.56"
655,109/09/09,"12,592.18","12,616.57","12,480.50","12,608.58"
656,109/09/10,"12,665.74","12,708.64","12,650.40","12,691.75"
657,109/09/11,"12,697.46","12,701.79","12,616.68","12,675.95"
658,109/09/14,"12,680.41","12,793.07","12,680.41","12,787.82"
659,109/09/15,"12,787.42","12,857.73","12,773.23","12,845.65"
660,109/09/16,"12,989.81","13,021.68","12,948.72","12,976.76"
661,109/09/17,"12,920.15","12,972.52","12,851.52","12,872.74"
662,109/09/18,"12,858.60","12,927.81","12,841.09","12,875.62"
663,109/09/21,"12,874.61","12,952.31","12,795.09","12,795.12"
664,109/09/22,"12,786.91","12,786.91","12,632.74","12,645.51"
665,109/09/23,"12,656.30","12,700.89","12,548.07","12,583.88"
666,109/09/24,"12,487.48","12,487.48","12,264.38","12,264.38"
667,109/09/25,"12,312.94","12,385.81","12,149.81","12,232.91"
668,109/09/28,"12,282.36","12,462.76","12,282.36","12,462.76"
669,109/09/29,"12,488.10","12,571.34","12,429.72","12,467.73"
670,109/09/30,"12,483.65","12,568.68","12,466.58","12,515.61"
671,109/10/05,"12,567.88","12,637.62","12,519.12","12,548.28"
672,109/10/06,"12,644.09","12,706.39","12,644.09","12,704.23"
673,109/10/07,"12,667.51","12,774.36","12,619.81","12,746.37"
674,109/10/08,"12,832.54","12,887.19","12,818.01","12,887.19"
675,109/10/12,"12,959.15","12,997.79","12,898.89","12,955.91"
676,109/10/13,"12,988.44","12,994.66","12,857.10","12,947.13"
677,109/10/14,"12,927.09","12,960.00","12,895.79","12,919.31"
678,109/10/15,"12,892.29","12,909.11","12,786.26","12,827.82"
679,109/10/16,"12,814.16","12,896.30","12,750.37","12,750.37"
680,109/10/19,"12,803.32","12,911.41","12,803.32","12,908.34"
681,109/10/20,"12,889.99","12,917.75","12,862.37","12,862.37"
682,109/10/21,"12,889.88","12,942.12","12,846.42","12,877.25"
683,109/10/22,"12,854.97","12,917.03","12,827.40","12,917.03"
684,109/10/23,"12,945.12","12,963.26","12,875.23","12,898.82"
685,109/10/26,"12,923.55","12,971.58","12,894.18","12,909.03"
686,109/10/27,"12,867.77","12,884.32","12,821.07","12,875.01"
687,109/10/28,"12,853.76","12,879.98","12,761.33","12,793.75"
688,109/10/29,"12,687.64","12,699.82","12,583.37","12,662.91"
689,109/10/30,"12,651.35","12,656.29","12,546.34","12,546.34"
690,109/11/02,"12,565.32","12,594.34","12,480.66","12,591.31"
691,109/11/03,"12,641.28","12,760.14","12,641.28","12,736.01"
692,109/11/04,"12,766.86","12,885.28","12,736.02","12,867.90"
693,109/11/05,"12,878.01","12,918.80","12,840.40","12,918.80"
694,109/11/06,"12,952.49","12,999.16","12,927.30","12,973.53"
695,109/11/09,"13,053.98","13,149.90","13,048.67","13,127.47"
696,109/11/10,"13,090.65","13,142.22","13,022.92","13,081.72"
697,109/11/11,"13,067.04","13,262.19","13,067.04","13,262.19"
698,109/11/12,"13,324.86","13,324.86","13,193.74","13,221.78"
699,109/11/13,"13,221.80","13,273.33","13,170.12","13,273.33"
700,109/11/16,"13,356.74","13,551.83","13,356.74","13,551.83"
701,109/11/17,"13,723.77","13,780.12","13,593.01","13,593.01"
702,109/11/18,"13,628.42","13,773.29","13,608.72","13,773.29"
703,109/11/19,"13,775.26","13,785.92","13,700.04","13,722.43"
704,109/11/20,"13,702.59","13,726.22","13,666.07","13,716.44"
705,109/11/23,"13,793.55","13,921.16","13,793.55","13,878.01"
706,109/11/24,"13,918.84","13,951.17","13,798.32","13,807.13"
707,109/11/25,"13,860.95","13,893.20","13,731.81","13,738.83"
708,109/11/26,"13,763.79","13,856.76","13,763.79","13,845.66"
709,109/11/27,"13,833.21","13,885.01","13,811.81","13,867.09"
710,109/11/30,"13,917.65","13,969.39","13,722.89","13,722.89"
711,109/12/01,"13,810.55","13,885.67","13,749.71","13,885.67"
712,109/12/02,"13,970.51","13,995.70","13,894.70","13,989.14"
713,109/12/03,"13,988.49","14,049.58","13,940.07","13,977.09"
714,109/12/04,"14,010.17","14,149.56","14,010.17","14,132.44"
715,109/12/07,"14,230.00","14,306.87","14,142.02","14,256.60"
716,109/12/08,"14,251.94","14,367.00","14,184.58","14,360.40"
717,109/12/09,"14,336.69","14,427.41","14,336.69","14,390.14"
718,109/12/10,"14,295.15","14,319.38","14,191.85","14,249.49"
719,109/12/11,"14,298.59","14,353.17","14,081.42","14,261.69"
720,109/12/14,"14,238.92","14,270.34","14,182.25","14,211.05"
721,109/12/15,"14,206.33","14,256.55","14,053.35","14,068.52"
722,109/12/16,"14,145.24","14,339.50","14,145.24","14,304.46"
723,109/12/17,"14,326.16","14,338.40","14,213.49","14,258.93"
724,109/12/18,"14,268.13","14,329.12","14,245.60","14,249.96"
725,109/12/21,"14,273.79","14,384.96","14,166.89","14,384.96"
726,109/12/22,"14,348.11","14,411.93","14,175.69","14,177.46"
727,109/12/23,"14,180.70","14,247.79","14,134.87","14,223.09"
728,109/12/24,"14,256.29","14,324.42","14,256.29","14,280.28"
729,109/12/25,"14,306.98","14,400.83","14,296.97","14,331.42"
730,109/12/28,"14,363.45","14,483.07","14,363.45","14,483.07"
731,109/12/29,"14,500.91","14,547.07","14,435.03","14,472.05"
732,109/12/30,"14,485.97","14,695.44","14,476.69","14,687.70"
733,109/12/31,"14,704.53","14,760.06","14,646.33","14,732.53"
734,110/01/04,"14,720.25","14,937.13","14,720.25","14,902.03"
735,110/01/05,"14,913.64","15,000.03","14,861.99","15,000.03"
736,110/01/06,"15,145.85","15,197.68","14,837.00","14,983.13"
737,110/01/07,"15,059.52","15,270.40","15,049.86","15,214.00"
738,110/01/08,"15,365.13","15,463.95","15,275.38","15,463.95"
739,110/01/11,"15,425.58","15,557.30","15,395.73","15,557.30"
740,110/01/12,"15,549.53","15,642.03","15,421.23","15,500.70"
741,110/01/13,"15,550.16","15,778.52","15,550.16","15,769.98"
742,110/01/14,"15,651.20","15,760.15","15,620.96","15,707.19"
743,110/01/15,"15,987.16","16,041.59","15,615.11","15,616.39"
744,110/01/18,"15,676.45","15,676.45","15,320.97","15,612.00"
745,110/01/19,"15,716.64","15,928.14","15,716.64","15,877.37"
746,110/01/20,"15,934.85","16,004.32","15,745.48","15,806.18"
747,110/01/21,"15,775.73","16,238.46","15,775.73","16,153.77"
748,110/01/22,"15,984.89","16,138.04","15,973.02","16,019.03"
749,110/01/25,"16,006.21","16,014.96","15,772.63","15,946.54"
750,110/01/26,"15,955.16","16,023.87","15,589.21","15,658.85"
751,110/01/27,"15,711.76","15,837.47","15,642.12","15,701.45"
752,110/01/28,"15,519.85","15,557.02","15,367.45","15,415.88"
753,110/01/29,"15,544.36","15,603.41","15,138.31","15,138.31"
754,110/02/01,"15,176.56","15,429.98","15,089.96","15,410.09"
755,110/02/02,"15,546.69","15,838.15","15,546.69","15,760.05"
756,110/02/03,"15,828.64","15,896.40","15,741.16","15,771.32"
757,110/02/04,"15,697.75","15,801.37","15,606.74","15,706.22"
758,110/02/05,"15,805.76","15,938.09","15,774.34","15,802.40"
759,110/02/17,"16,197.45","16,406.78","16,197.45","16,362.29"
760,110/02/18,"16,366.23","16,517.73","16,323.22","16,424.51"
761,110/02/19,"16,376.91","16,382.70","16,211.25","16,341.38"
762,110/02/22,"16,445.87","16,579.17","16,410.16","16,410.16"
763,110/02/23,"16,320.88","16,467.75","16,211.75","16,443.40"
764,110/02/24,"16,329.54","16,456.94","16,212.53","16,212.53"
765,110/02/25,"16,376.80","16,474.05","16,322.27","16,452.18"
766,110/02/26,"16,190.04","16,190.04","15,953.80","15,953.80"
767,110/03/02,"16,127.87","16,262.91","15,946.88","15,946.88"
768,110/03/03,"15,992.32","16,211.73","15,884.55","16,211.73"
769,110/03/04,"16,091.75","16,091.75","15,840.99","15,906.41"
770,110/03/05,"15,759.58","15,934.43","15,636.43","15,855.23"
771,110/03/08,"15,943.37","16,074.97","15,816.50","15,820.11"
772,110/03/09,"15,715.07","15,864.26","15,657.92","15,853.09"
773,110/03/10,"15,921.45","15,986.07","15,857.32","15,911.67"
774,110/03/11,"15,947.21","16,216.22","15,947.21","16,179.56"
775,110/03/12,"16,241.55","16,298.03","16,166.35","16,255.18"
776,110/03/15,"16,256.58","16,281.91","16,194.91","16,249.33"
777,110/03/16,"16,253.93","16,340.66","16,244.99","16,313.16"
778,110/03/17,"16,312.98","16,349.21","16,166.35","16,215.82"
779,110/03/18,"16,264.61","16,410.02","16,264.61","16,287.84"
780,110/03/19,"16,186.46","16,186.46","16,022.17","16,070.24"
781,110/03/22,"16,065.50","16,235.63","15,983.77","16,189.22"
782,110/03/23,"16,250.20","16,351.38","16,166.29","16,177.59"
783,110/03/24,"15,994.96","16,125.54","15,967.95","16,032.12"
784,110/03/25,"16,010.54","16,146.58","15,944.96","16,060.14"
785,110/03/26,"16,140.37","16,325.62","16,140.37","16,305.88"
786,110/03/29,"16,411.67","16,520.89","16,411.67","16,475.97"
787,110/03/30,"16,490.31","16,556.19","16,438.40","16,554.90"
788,110/03/31,"16,529.23","16,550.20","16,427.20","16,431.13"
789,110/04/01,"16,538.28","16,602.47","16,496.16","16,571.28"
790,110/04/06,"16,711.79","16,804.45","16,711.79","16,739.87"
791,110/04/07,"16,771.35","16,816.34","16,715.32","16,815.36"
792,110/04/08,"16,786.56","16,926.72","16,735.78","16,926.44"
793,110/04/09,"16,974.28","17,016.13","16,815.59","16,854.10"
794,110/04/12,"16,908.55","16,979.35","16,793.54","16,859.70"
795,110/04/13,"16,872.40","17,041.37","16,802.22","16,824.91"
796,110/04/14,"16,869.78","16,935.39","16,559.57","16,865.97"
797,110/04/15,"16,851.06","17,076.73","16,851.06","17,076.73"
798,110/04/16,"17,028.35","17,158.81","16,998.91","17,158.81"
799,110/04/19,"17,141.25","17,294.15","17,135.52","17,263.28"
800,110/04/20,"17,231.58","17,323.87","17,175.02","17,323.87"
801,110/04/21,"17,282.76","17,282.76","17,167.39","17,202.11"
802,110/04/22,"17,302.73","17,428.15","17,066.17","17,096.97"
803,110/04/23,"17,117.49","17,300.27","17,055.48","17,300.27"
804,110/04/26,"17,378.36","17,572.29","17,378.36","17,572.29"
805,110/04/27,"17,586.02","17,630.19","17,489.71","17,595.90"
806,110/04/28,"17,610.72","17,628.81","17,497.74","17,567.53"
807,110/04/29,"17,646.93","17,709.23","17,548.30","17,566.66"
808,110/05/03,"17,505.52","17,546.94","17,222.35","17,222.35"
809,110/05/04,"17,249.56","17,328.55","16,647.61","16,933.78"
810,110/05/05,"16,968.75","17,052.20","16,843.44","16,843.44"
811,110/05/06,"16,925.52","17,088.73","16,764.71","16,994.36"
812,110/05/07,"17,032.23","17,285.00","17,032.23","17,285.00"
813,110/05/10,"17,274.23","17,304.47","17,188.15","17,235.61"
814,110/05/11,"17,137.19","17,137.19","16,460.87","16,583.13"
815,110/05/12,"16,515.88","16,552.63","15,165.27","15,902.37"
816,110/05/13,"15,668.33","16,031.93","15,368.54","15,670.10"
817,110/05/14,"15,819.24","16,075.48","15,702.10","15,827.09"
818,110/05/17,"15,554.99","15,719.74","15,159.86","15,353.89"
819,110/05/18,"15,564.96","16,153.77","15,564.96","16,145.98"
820,110/05/19,"16,112.21","16,273.98","16,009.76","16,132.66"
821,110/05/20,"16,122.52","16,154.08","15,943.45","16,042.36"
822,110/05/21,"16,136.86","16,431.14","16,136.86","16,302.06"
823,110/05/24,"16,246.52","16,397.59","16,136.97","16,338.29"
824,110/05/25,"16,444.75","16,657.60","16,444.75","16,595.67"
825,110/05/26,"16,645.17","16,706.29","16,523.23","16,643.69"
826,110/05/27,"16,591.70","16,601.61","16,419.42","16,601.61"
827,110/05/28,"16,690.04","16,889.01","16,690.04","16,870.86"
828,110/05/31,"16,948.47","17,113.33","16,939.91","17,068.43"
829,110/06/01,"17,098.49","17,184.30","17,060.45","17,162.38"
830,110/06/02,"17,192.91","17,274.66","17,056.42","17,165.04"
831,110/06/03,"17,201.30","17,311.28","17,198.89","17,246.16"
832,110/06/04,"17,225.06","17,225.06","17,084.49","17,147.41"
833,110/06/07,"17,176.09","17,189.23","16,775.85","17,083.91"
834,110/06/08,"17,094.34","17,181.52","17,056.53","17,076.21"
835,110/06/09,"17,082.52","17,082.52","16,907.43","16,966.22"
836,110/06/10,"17,024.54","17,159.22","16,978.01","17,159.22"
837,110/06/11,"17,200.45","17,278.55","17,193.61","17,213.52"
838,110/06/15,"17,279.70","17,371.29","17,279.70","17,371.29"
839,110/06/16,"17,357.37","17,398.22","17,275.02","17,307.86"
840,110/06/17,"17,254.84","17,390.61","17,150.52","17,390.61"
841,110/06/18,"17,384.74","17,417.50","17,318.54","17,318.54"
842,110/06/21,"17,305.49","17,305.49","17,023.31","17,062.98"
843,110/06/22,"17,162.71","17,270.47","17,075.55","17,075.55"
844,110/06/23,"17,127.59","17,375.79","17,127.59","17,336.71"
845,110/06/24,"17,358.57","17,439.63","17,319.89","17,407.96"
846,110/06/25,"17,471.07","17,597.33","17,471.07","17,502.99"
847,110/06/28,"17,531.82","17,595.51","17,481.23","17,590.97"
848,110/06/29,"17,621.15","17,713.24","17,541.14","17,598.19"
849,110/06/30,"17,648.25","17,797.27","17,648.25","17,755.46"
850,110/07/01,"17,801.19","17,863.90","17,644.36","17,713.94"
851,110/07/02,"17,745.69","17,795.88","17,676.98","17,710.15"
852,110/07/05,"17,783.80","17,945.52","17,783.80","17,919.33"
853,110/07/06,"17,929.22","18,008.37","17,895.78","17,913.07"
854,110/07/07,"17,901.25","17,933.62","17,756.82","17,850.69"
855,110/07/08,"17,880.90","17,935.11","17,742.08","17,866.09"
856,110/07/09,"17,778.12","17,778.12","17,597.46","17,661.48"
857,110/07/12,"17,843.30","17,947.90","17,759.90","17,814.33"
858,110/07/13,"17,931.47","18,018.04","17,786.76","17,847.52"
859,110/07/14,"17,892.51","17,940.86","17,716.44","17,845.75"
860,110/07/15,"17,878.78","18,034.19","17,878.78","18,034.19"
861,110/07/16,"17,839.58","17,926.38","17,779.61","17,895.25"
862,110/07/19,"17,854.35","17,854.35","17,708.15","17,789.25"
863,110/07/20,"17,724.92","17,724.92","17,500.69","17,528.74"
864,110/07/21,"17,593.60","17,707.56","17,352.24","17,458.79"
865,110/07/22,"17,482.81","17,667.38","17,482.81","17,572.33"
866,110/07/23,"17,603.95","17,672.60","17,511.86","17,572.92"
867,110/07/26,"17,554.93","17,637.36","17,403.56","17,403.56"
868,110/07/27,"17,394.77","17,459.35","17,264.50","17,269.87"
869,110/07/28,"17,252.87","17,252.87","16,893.70","17,135.22"
870,110/07/29,"17,216.58","17,402.81","17,190.48","17,402.81"
871,110/07/30,"17,414.77","17,429.01","17,237.67","17,247.41"
872,110/08/02,"17,256.61","17,503.28","17,231.22","17,503.28"
873,110/08/03,"17,489.12","17,553.76","17,456.20","17,553.76"
874,110/08/04,"17,588.64","17,636.11","17,557.18","17,623.89"
875,110/08/05,"17,624.82","17,643.97","17,566.72","17,603.12"
876,110/08/06,"17,593.85","17,593.85","17,469.68","17,526.28"
877,110/08/09,"17,505.01","17,510.09","17,350.15","17,485.15"
878,110/08/10,"17,492.45","17,524.91","17,305.06","17,323.64"
879,110/08/11,"17,308.62","17,327.20","17,090.25","17,227.18"
880,110/08/12,"17,221.35","17,233.11","17,139.21","17,219.94"
881,110/08/13,"17,216.34","17,216.34","16,978.11","16,982.11"
882,110/08/16,"16,941.33","16,983.59","16,773.57","16,858.77"
883,110/08/17,"16,841.62","16,870.55","16,657.63","16,661.36"
884,110/08/18,"16,630.99","16,826.27","16,418.54","16,826.27"
885,110/08/19,"16,777.78","16,777.78","16,375.40","16,375.40"
886,110/08/20,"16,426.98","16,507.11","16,248.08","16,341.94"
887,110/08/23,"16,459.13","16,785.29","16,459.13","16,741.84"
888,110/08/24,"16,830.63","16,904.30","16,779.90","16,818.73"
889,110/08/25,"16,821.08","17,045.86","16,821.08","17,045.86"
890,110/08/26,"17,177.39","17,201.42","16,984.69","17,066.96"
891,110/08/27,"17,061.10","17,229.89","17,000.26","17,209.93"
892,110/08/30,"17,244.62","17,396.52","17,244.62","17,396.52"
893,110/08/31,"17,384.61","17,490.29","17,207.57","17,490.29"
894,110/09/01,"17,463.80","17,503.93","17,415.52","17,473.99"
895,110/09/02,"17,455.92","17,523.16","17,319.76","17,319.76"
896,110/09/03,"17,380.52","17,540.78","17,380.52","17,516.92"
897,110/09/06,"17,534.05","17,633.67","17,461.07","17,495.30"
898,110/09/07,"17,534.38","17,559.21","17,388.37","17,428.87"
899,110/09/08,"17,411.53","17,447.58","17,167.08","17,270.49"
900,110/09/09,"17,175.04","17,319.09","17,122.95","17,304.33"
901,110/09/10,"17,270.28","17,474.57","17,270.28","17,474.57"
902,110/09/13,"17,452.16","17,482.57","17,387.57","17,446.31"
903,110/09/14,"17,463.78","17,529.47","17,424.54","17,434.90"
904,110/09/15,"17,434.02","17,439.75","17,316.52","17,354.00"
905,110/09/16,"17,332.34","17,411.37","17,254.10","17,278.70"
906,110/09/17,"17,279.29","17,408.71","17,235.45","17,276.79"
907,110/09/22,"17,196.79","17,196.79","16,838.58","16,925.82"
908,110/09/23,"16,998.07","17,145.25","16,998.07","17,078.22"
909,110/09/24,"17,130.74","17,273.59","17,130.74","17,260.19"
910,110/09/27,"17,278.11","17,335.99","17,235.68","17,313.77"
911,110/09/28,"17,286.89","17,286.89","17,113.47","17,181.44"
912,110/09/29,"17,127.86","17,127.86","16,801.78","16,855.46"
913,110/09/30,"16,886.57","16,994.21","16,767.20","16,934.77"
914,110/10/01,"16,883.00","16,883.00","16,503.74","16,570.89"
915,110/10/04,"16,600.52","16,680.29","16,380.06","16,408.35"
916,110/10/05,"16,362.27","16,460.75","16,162.17","16,460.75"
917,110/10/06,"16,488.21","16,568.21","16,303.63","16,393.16"
918,110/10/07,"16,465.57","16,731.58","16,465.57","16,713.86"
919,110/10/08,"16,742.35","16,771.71","16,605.49","16,640.43"
920,110/10/12,"16,589.72","16,589.72","16,349.49","16,462.84"
921,110/10/13,"16,480.98","16,543.33","16,328.47","16,347.99"
922,110/10/14,"16,392.51","16,519.96","16,347.88","16,387.28"
923,110/10/15,"16,426.76","16,781.19","16,426.76","16,781.19"
924,110/10/18,"16,816.94","16,862.03","16,695.89","16,705.46"
925,110/10/19,"16,791.12","16,916.72","16,772.15","16,900.67"
926,110/10/20,"16,936.20","16,973.86","16,855.81","16,887.82"
927,110/10/21,"16,904.46","17,026.89","16,873.99","16,889.51"
928,110/10/22,"16,900.32","16,932.89","16,800.49","16,888.74"
929,110/10/25,"16,879.34","16,930.98","16,784.11","16,894.24"
930,110/10/26,"16,909.32","17,067.15","16,909.32","17,034.34"
931,110/10/27,"17,037.37","17,079.60","16,973.16","17,074.55"
932,110/10/28,"17,081.17","17,104.86","16,994.37","17,041.63"
933,110/10/29,"17,058.04","17,073.97","16,920.68","16,987.41"
934,110/11/01,"17,021.77","17,119.43","17,021.77","17,068.24"
935,110/11/02,"17,094.42","17,237.09","17,026.63","17,065.97"
936,110/11/03,"17,087.89","17,153.76","17,080.51","17,122.16"
937,110/11/04,"17,158.28","17,219.65","17,061.46","17,078.86"
938,110/11/05,"17,097.16","17,296.90","17,097.16","17,296.90"
939,110/11/08,"17,323.39","17,415.30","17,279.46","17,415.30"
940,110/11/09,"17,433.10","17,581.52","17,433.10","17,541.36"
941,110/11/10,"17,549.09","17,575.44","17,489.87","17,559.65"
942,110/11/11,"17,527.18","17,527.18","17,403.48","17,452.52"
943,110/11/12,"17,479.55","17,602.05","17,479.55","17,518.13"
944,110/11/15,"17,560.52","17,683.19","17,560.52","17,634.47"
945,110/11/16,"17,639.96","17,708.10","17,629.80","17,693.13"
946,110/11/17,"17,705.29","17,764.04","17,669.58","17,764.04"
947,110/11/18,"17,767.06","17,841.37","17,748.21","17,841.37"
948,110/11/19,"17,864.19","17,986.18","17,786.05","17,818.31"
949,110/11/22,"17,828.53","17,857.73","17,790.64","17,803.54"
950,110/11/23,"17,797.90","17,797.90","17,650.07","17,666.12"
951,110/11/24,"17,680.16","17,722.89","17,588.78","17,642.52"
952,110/11/25,"17,686.12","17,724.50","17,609.51","17,654.19"
953,110/11/26,"17,641.79","17,641.79","17,330.44","17,369.39"
954,110/11/29,"17,320.01","17,415.63","17,167.24","17,328.09"
955,110/11/30,"17,369.79","17,535.23","17,369.79","17,427.76"
956,110/12/01,"17,428.61","17,626.21","17,374.59","17,585.99"
957,110/12/02,"17,575.91","17,741.55","17,559.44","17,724.88"
958,110/12/03,"17,720.93","17,781.14","17,670.32","17,697.14"
959,110/12/06,"17,650.67","17,763.42","17,585.95","17,688.21"
960,110/12/07,"17,734.19","17,796.92","17,642.32","17,796.92"
961,110/12/08,"17,845.06","17,988.88","17,832.42","17,832.42"
962,110/12/09,"17,880.41","17,925.12","17,807.12","17,914.12"
963,110/12/10,"17,893.29","17,893.29","17,767.80","17,826.26"
964,110/12/13,"17,841.03","17,919.35","17,767.60","17,767.60"
965,110/12/14,"17,754.38","17,754.38","17,566.99","17,599.37"
966,110/12/15,"17,592.87","17,678.78","17,556.87","17,660.10"
967,110/12/16,"17,719.06","17,814.32","17,719.06","17,785.74"
968,110/12/17,"17,744.54","17,822.74","17,718.27","17,812.59"
969,110/12/20,"17,812.81","17,812.81","17,646.39","17,669.11"
970,110/12/21,"17,686.84","17,825.89","17,652.32","17,789.27"
971,110/12/22,"17,805.74","17,870.16","17,799.72","17,826.83"
972,110/12/23,"17,855.78","17,960.99","17,855.78","17,946.66"
973,110/12/24,"17,966.35","18,039.85","17,953.57","17,961.64"
974,110/12/27,"17,975.41","18,099.78","17,975.41","18,048.94"
975,110/12/28,"18,099.71","18,197.36","18,099.71","18,196.81"
976,110/12/29,"18,209.14","18,283.25","18,192.86","18,248.28"
977,110/12/30,"18,270.00","18,291.25","18,216.45","18,218.84"
978,111/01/03,"18,260.23","18,379.69","18,238.47","18,270.51"
979,111/01/04,"18,395.14","18,526.35","18,395.14","18,526.35"
980,111/01/05,"18,598.13","18,619.61","18,446.52","18,499.96"
981,111/01/06,"18,395.72","18,427.15","18,253.82","18,367.92"
982,111/01/07,"18,388.16","18,444.12","18,134.41","18,169.76"
983,111/01/10,"18,095.39","18,243.26","18,043.97","18,239.38"
984,111/01/11,"18,266.54","18,293.53","18,135.43","18,288.21"
985,111/01/12,"18,348.39","18,394.70","18,255.38","18,375.40"
986,111/01/13,"18,356.21","18,459.73","18,346.81","18,436.93"
987,111/01/14,"18,509.00","18,509.00","18,213.44","18,403.33"
988,111/01/17,"18,512.15","18,535.42","18,435.02","18,525.44"
989,111/01/18,"18,492.81","18,575.41","18,378.64","18,378.64"
990,111/01/19,"18,275.18","18,359.14","18,199.35","18,227.46"
991,111/01/20,"18,212.26","18,292.14","18,125.20","18,218.28"
992,111/01/21,"18,113.94","18,113.94","17,851.39","17,899.30"
993,111/01/24,"17,843.33","18,004.45","17,682.33","17,989.04"
994,111/01/25,"17,890.71","17,890.71","17,645.66","17,701.12"
995,111/01/26,"17,657.97","17,776.42","17,633.03","17,674.40"
996,111/02/07,"17,750.70","17,900.30","17,712.35","17,900.30"
997,111/02/08,"17,955.95","18,063.55","17,955.95","17,966.56"
998,111/02/09,"18,060.33","18,168.60","18,039.23","18,151.76"
999,111/02/10,"18,217.29","18,338.05","18,145.04","18,338.05"
1000,111/02/11,"18,258.81","18,310.94","18,191.75","18,310.94"
1001,111/02/14,"18,182.73","18,182.73","17,965.22","17,997.67"
1002,111/02/15,"17,978.44","18,085.91","17,942.68","17,951.81"
1003,111/02/16,"18,109.17","18,233.79","18,109.17","18,231.47"
1004,111/02/17,"18,213.30","18,330.63","18,190.24","18,268.57"
1005,111/02/18,"18,250.37","18,262.96","18,098.52","18,232.35"
1006,111/02/21,"18,196.40","18,253.10","18,129.65","18,221.49"
1007,111/02/22,"18,159.51","18,159.51","17,840.38","17,969.29"
1008,111/02/23,"17,954.75","18,109.28","17,954.75","18,055.73"
1009,111/02/24,"17,939.53","17,939.53","17,561.07","17,594.55"
1010,111/02/25,"17,617.36","17,737.32","17,554.97","17,652.18"
1011,111/03/01,"17,657.50","17,944.50","17,657.50","17,898.25"
1012,111/03/02,"17,864.11","17,918.98","17,784.64","17,867.60"
1013,111/03/03,"17,932.15","18,026.03","17,906.24","17,934.40"
1014,111/03/04,"17,845.01","17,845.01","17,710.54","17,736.52"
1015,111/03/07,"17,581.57","17,581.57","17,135.68","17,178.69"
1016,111/03/08,"17,000.00","17,113.67","16,764.78","16,825.25"
1017,111/03/09,"16,944.08","17,072.74","16,944.08","17,015.36"
1018,111/03/10,"17,224.73","17,478.43","17,224.73","17,433.20"
1019,111/03/11,"17,373.82","17,373.90","17,239.90","17,264.74"
1020,111/03/14,"17,287.90","17,363.04","17,217.58","17,263.04"
1021,111/03/15,"17,177.27","17,177.27","16,911.95","16,926.06"
1022,111/03/16,"17,007.58","17,085.77","16,808.43","16,940.83"
1023,111/03/17,"17,172.81","17,472.95","17,172.81","17,448.22"
1024,111/03/18,"17,439.91","17,472.38","17,359.50","17,456.52"
1025,111/03/21,"17,503.95","17,603.99","17,503.95","17,560.36"
1026,111/03/22,"17,512.41","17,573.29","17,468.55","17,559.71"
1027,111/03/23,"17,581.62","17,738.69","17,581.62","17,731.37"
1028,111/03/24,"17,711.17","17,711.17","17,603.22","17,699.06"
1029,111/03/25,"17,695.80","17,747.13","17,633.86","17,676.95"
1030,111/03/28,"17,510.15","17,527.15","17,368.66","17,520.01"
1031,111/03/29,"17,568.32","17,585.91","17,493.01","17,548.66"
1032,111/03/30,"17,572.90","17,770.07","17,572.90","17,740.56"
1033,111/03/31,"17,754.10","17,767.81","17,682.53","17,693.47"
1034,111/04/01,"17,657.76","17,657.76","17,465.61","17,625.59"
1035,111/04/06,"17,484.19","17,528.99","17,381.07","17,522.50"
1036,111/04/07,"17,430.13","17,438.60","17,178.63","17,178.63"
1037,111/04/08,"17,210.40","17,316.69","17,210.40","17,284.54"
1038,111/04/11,"17,273.05","17,316.35","17,046.67","17,048.37"
1039,111/04/12,"17,005.84","17,100.85","16,905.13","16,990.91"
1040,111/04/13,"17,080.40","17,333.21","17,080.40","17,301.65"
1041,111/04/14,"17,353.25","17,374.14","17,245.65","17,245.65"
1042,111/04/15,"17,139.34","17,141.33","17,004.18","17,004.18"
1043,111/04/18,"16,958.66","16,999.36","16,845.51","16,898.87"
1044,111/04/19,"16,926.34","17,106.26","16,926.34","16,993.40"
1045,111/04/20,"17,057.13","17,148.88","16,983.55","17,148.88"
1046,111/04/21,"17,159.88","17,213.66","17,106.37","17,127.95"
1047,111/04/22,"17,088.76","17,088.76","16,923.87","17,025.09"
1048,111/04/25,"16,912.30","16,912.30","16,579.89","16,620.90"
1049,111/04/26,"16,677.84","16,729.47","16,582.11","16,644.79"
1050,111/04/27,"16,427.32","16,427.32","16,219.41","16,303.35"
1051,111/04/28,"16,350.72","16,455.57","16,256.88","16,419.38"
1052,111/04/29,"16,599.84","16,663.66","16,521.94","16,592.18"
1053,111/05/03,"16,593.21","16,604.87","16,465.99","16,498.90"
1054,111/05/04,"16,531.37","16,617.06","16,514.30","16,565.83"
1055,111/05/05,"16,689.98","16,783.78","16,650.81","16,696.12"
1056,111/05/06,"16,491.11","16,491.11","16,312.17","16,408.20"
1057,111/05/09,"16,345.84","16,345.84","16,048.92","16,048.92"
1058,111/05/10,"15,891.40","16,071.50","15,734.44","16,061.70"
1059,111/05/11,"16,053.75","16,081.15","15,953.27","16,006.25"
1060,111/05/12,"15,943.62","15,943.62","15,616.68","15,616.68"
1061,111/05/13,"15,687.15","15,860.69","15,687.15","15,832.54"
1062,111/05/16,"15,943.69","16,032.85","15,847.46","15,901.04"
1063,111/05/17,"15,915.93","16,085.85","15,915.93","16,056.09"
1064,111/05/18,"16,174.78","16,316.58","16,172.80","16,296.86"
1065,111/05/19,"16,111.49","16,111.49","15,892.73","16,020.32"
1066,111/05/20,"16,061.92","16,181.66","16,058.20","16,144.85"
1067,111/05/23,"16,193.92","16,249.45","16,125.45","16,156.41"
1068,111/05/24,"16,166.57","16,219.80","15,963.63","15,963.63"
1069,111/05/25,"15,987.74","16,169.18","15,980.90","16,104.03"
1070,111/05/26,"16,128.21","16,179.01","15,949.61","15,968.83"
1071,111/05/27,"16,075.91","16,266.22","16,075.91","16,266.22"
1072,111/05/30,"16,368.93","16,610.62","16,368.93","16,610.62"
1073,111/05/31,"16,561.68","16,807.77","16,493.07","16,807.77"
1074,111/06/01,"16,718.91","16,811.04","16,649.91","16,675.09"
1075,111/06/02,"16,605.46","16,617.26","16,540.55","16,552.57"
1076,111/06/06,"16,570.89","16,654.12","16,509.01","16,605.96"
1077,111/06/07,"16,593.75","16,593.75","16,465.87","16,512.88"
1078,111/06/08,"16,538.67","16,702.99","16,538.67","16,670.51"
1079,111/06/09,"16,643.95","16,643.95","16,557.54","16,621.34"
1080,111/06/10,"16,581.81","16,581.81","16,403.33","16,460.12"
1081,111/06/13,"16,295.07","16,295.07","16,055.89","16,070.98"
1082,111/06/14,"15,975.17","16,067.80","15,869.06","16,047.37"
1083,111/06/15,"16,025.84","16,106.75","15,981.56","15,999.25"
1084,111/06/16,"16,098.29","16,209.25","15,838.29","15,838.61"
1085,111/06/17,"15,794.16","15,794.16","15,573.38","15,641.26"
1086,111/06/20,"15,649.20","15,667.68","15,367.58","15,367.58"
1087,111/06/21,"15,427.33","15,728.64","15,427.33","15,728.64"
1088,111/06/22,"15,687.46","15,687.46","15,346.95","15,347.75"
1089,111/06/23,"15,305.51","15,380.28","15,102.40","15,176.44"
1090,111/06/24,"15,232.34","15,424.37","15,232.34","15,303.32"
1091,111/06/27,"15,409.08","15,656.35","15,409.08","15,548.01"
1092,111/06/28,"15,519.56","15,533.34","15,375.65","15,439.92"
1093,111/06/29,"15,365.54","15,365.54","15,218.07","15,240.13"
1094,111/06/30,"15,146.92","15,147.77","14,825.73","14,825.73"
1095,111/07/01,"14,812.13","14,812.13","14,336.03","14,343.08"
1096,111/07/04,"14,237.83","14,412.47","14,167.10","14,217.06"
1097,111/07/05,"14,345.54","14,488.80","14,100.89","14,349.20"
1098,111/07/06,"14,289.67","14,319.32","13,985.51","13,985.51"
1099,111/07/07,"14,052.18","14,355.15","13,951.81","14,336.27"
1100,111/07/08,"14,462.50","14,552.42","14,373.84","14,464.53"
1101,111/07/11,"14,478.31","14,525.03","14,313.94","14,340.53"
1102,111/07/12,"14,235.63","14,235.63","13,928.66","13,950.62"
1103,111/07/13,"14,194.94","14,403.51","14,194.94","14,324.68"
1104,111/07/14,"14,252.02","14,450.47","14,159.39","14,438.52"
1105,111/07/15,"14,483.96","14,579.73","14,378.33","14,550.62"
1106,111/07/18,"14,589.10","14,719.64","14,589.10","14,719.64"
1107,111/07/19,"14,638.45","14,720.13","14,598.99","14,694.08"
1108,111/07/20,"14,810.40","14,906.95","14,694.20","14,733.22"
1109,111/07/21,"14,744.17","14,937.70","14,716.02","14,937.70"
1110,111/07/22,"14,953.27","14,996.24","14,902.32","14,949.36"
1111,111/07/25,"14,902.25","14,968.23","14,851.37","14,936.33"
1112,111/07/26,"14,912.41","14,912.41","14,750.71","14,806.78"
1113,111/07/27,"14,791.71","14,921.59","14,717.02","14,921.59"
1114,111/07/28,"14,978.95","15,031.99","14,849.94","14,891.90"
1115,111/07/29,"14,950.18","15,035.27","14,929.49","15,000.07"
1116,111/08/01,"14,982.27","14,994.36","14,886.81","14,981.69"
1117,111/08/02,"14,860.94","14,860.94","14,663.46","14,747.23"
1118,111/08/03,"14,757.51","14,777.02","14,673.35","14,777.02"
1119,111/08/04,"14,741.47","14,766.57","14,545.69","14,702.20"
1120,111/08/05,"14,802.34","15,041.41","14,802.34","15,036.04"
1121,111/08/08,"14,972.21","15,034.87","14,908.17","15,020.41"
1122,111/08/09,"14,965.12","15,077.63","14,905.23","15,050.28"
1123,111/08/10,"14,940.76","14,982.33","14,890.55","14,939.02"
1124,111/08/11,"15,087.59","15,204.79","15,087.59","15,197.85"
1125,111/08/12,"15,203.91","15,298.42","15,198.93","15,288.97"
1126,111/08/15,"15,332.92","15,437.23","15,315.12","15,417.35"
1127,111/08/16,"15,435.04","15,451.83","15,392.49","15,420.57"
1128,111/08/17,"15,423.44","15,475.89","15,390.84","15,465.45"
1129,111/08/18,"15,384.73","15,396.76","15,311.22","15,396.76"
1130,111/08/19,"15,394.36","15,458.45","15,346.26","15,408.78"
1131,111/08/22,"15,375.20","15,375.20","15,229.36","15,245.14"
1132,111/08/23,"15,225.17","15,225.17","15,086.43","15,095.89"
1133,111/08/24,"15,112.15","15,183.96","15,053.52","15,069.19"
1134,111/08/25,"15,105.31","15,244.06","15,105.31","15,200.04"
1135,111/08/26,"15,221.50","15,337.25","15,221.50","15,278.44"
1136,111/08/29,"15,197.19","15,197.19","14,843.72","14,926.19"
1137,111/08/30,"14,919.67","15,027.50","14,911.97","14,953.63"
1138,111/08/31,"14,912.12","15,095.44","14,874.33","15,095.44"
1139,111/09/01,"14,981.00","14,981.00","14,773.19","14,801.86"
1140,111/09/02,"14,790.28","14,817.40","14,673.04","14,673.04"
1141,111/09/05,"14,670.18","14,753.03","14,632.79","14,661.10"
1142,111/09/06,"14,705.16","14,789.31","14,623.22","14,677.20"
1143,111/09/07,"14,557.86","14,557.86","14,397.12","14,410.05"
1144,111/09/08,"14,447.09","14,583.42","14,447.09","14,583.42"
1145,111/09/12,"14,711.34","14,856.23","14,711.34","14,807.43"
1146,111/09/13,"14,895.87","14,949.56","14,856.98","14,894.41"
1147,111/09/14,"14,695.19","14,699.78","14,522.70","14,658.31"
1148,111/09/15,"14,647.00","14,750.28","14,624.55","14,670.04"
1149,111/09/16,"14,602.16","14,602.16","14,521.65","14,561.76"
1150,111/09/19,"14,567.27","14,585.06","14,424.33","14,425.68"
1151,111/09/20,"14,474.95","14,558.72","14,461.39","14,549.30"
1152,111/09/21,"14,517.34","14,525.46","14,384.11","14,424.52"
1153,111/09/22,"14,325.67","14,325.67","14,151.80","14,284.63"
1154,111/09/23,"14,231.03","14,277.53","14,109.71","14,118.38"
1155,111/09/26,"13,993.42","13,993.42","13,743.19","13,778.19"
1156,111/09/27,"13,812.99","13,862.84","13,732.32","13,826.59"
1157,111/09/28,"13,816.70","13,854.09","13,466.07","13,466.07"
1158,111/09/29,"13,550.70","13,651.29","13,462.57","13,534.26"
1159,111/09/30,"13,409.65","13,466.82","13,274.72","13,424.58"
1160,111/10/03,"13,359.26","13,440.23","13,273.48","13,300.48"
1161,111/10/04,"13,447.36","13,586.96","13,447.36","13,576.52"
1162,111/10/05,"13,727.30","13,902.02","13,727.30","13,801.43"
1163,111/10/06,"13,865.45","13,899.23","13,814.33","13,892.05"
1164,111/10/07,"13,847.52","13,847.52","13,684.21","13,702.28"
1165,111/10/11,"13,394.12","13,394.12","13,106.03","13,106.03"
1166,111/10/12,"13,076.91","13,130.73","12,991.59","13,081.24"
1167,111/10/13,"13,108.40","13,111.39","12,809.43","12,810.73"
1168,111/10/14,"13,023.71","13,221.87","13,023.71","13,128.12"
1169,111/10/17,"12,988.83","12,988.83","12,814.82","12,966.05"
1170,111/10/18,"13,075.05","13,143.15","12,978.13","13,124.68"
1171,111/10/19,"13,096.35","13,155.62","12,976.76","12,976.76"
1172,111/10/20,"12,912.93","12,946.10","12,698.91","12,946.10"
1173,111/10/21,"12,931.20","12,954.02","12,813.60","12,819.20"
1174,111/10/24,"12,913.58","13,027.84","12,856.77","12,856.98"
1175,111/10/25,"12,830.29","12,843.31","12,629.48","12,666.12"
1176,111/10/26,"12,666.42","12,791.97","12,635.52","12,729.05"
1177,111/10/27,"12,807.69","12,954.32","12,807.69","12,926.37"
1178,111/10/28,"12,874.83","12,891.38","12,723.98","12,788.42"
1179,111/10/31,"12,862.37","12,977.61","12,826.34","12,949.75"
1180,111/11/01,"12,933.12","13,062.90","12,907.61","13,037.21"
1181,111/11/02,"13,033.15","13,100.17","13,014.04","13,100.17"
1182,111/11/03,"12,985.55","12,991.37","12,905.35","12,986.60"
1183,111/11/04,"12,941.78","13,029.94","12,868.25","13,026.71"
1184,111/11/07,"13,109.35","13,246.59","13,103.35","13,223.73"
1185,111/11/08,"13,274.91","13,389.25","13,274.91","13,347.76"
1186,111/11/09,"13,410.19","13,638.81","13,410.19","13,638.81"
1187,111/11/10,"13,556.51","13,559.40","13,463.85","13,503.76"
1188,111/11/11,"13,878.95","14,045.51","13,878.95","14,007.56"
1189,111/11/14,"14,080.91","14,217.30","14,076.94","14,174.90"
1190,111/11/15,"14,325.49","14,568.51","14,278.53","14,546.31"
1191,111/11/16,"14,637.85","14,657.66","14,481.06","14,537.35"
1192,111/11/17,"14,489.41","14,545.89","14,383.55","14,535.23"
1193,111/11/18,"14,584.31","14,669.98","14,470.48","14,504.99"
1194,111/11/21,"14,514.71","14,530.76","14,421.65","14,449.39"
1195,111/11/22,"14,404.08","14,542.79","14,371.09","14,542.20"
1196,111/11/23,"14,595.50","14,647.98","14,573.41","14,608.54"
1197,111/11/24,"14,649.80","14,784.00","14,649.80","14,784.00"
1198,111/11/25,"14,764.94","14,835.66","14,756.01","14,778.51"
1199,111/11/28,"14,636.90","14,638.19","14,503.12","14,556.87"
1200,111/11/29,"14,503.79","14,716.58","14,449.05","14,709.64"
1201,111/11/30,"14,678.23","14,879.55","14,678.23","14,879.55"
1202,111/12/01,"15,059.92","15,152.38","14,998.03","15,012.80"
1203,111/12/02,"14,933.20","15,021.73","14,921.06","14,970.68"
1204,111/12/05,"14,972.17","15,088.06","14,969.97","14,980.74"
1205,111/12/06,"14,955.29","14,957.82","14,728.88","14,728.88"
1206,111/12/07,"14,708.08","14,823.15","14,630.01","14,630.01"
1207,111/12/08,"14,631.21","14,634.16","14,464.20","14,553.04"
1208,111/12/09,"14,620.27","14,742.79","14,620.27","14,705.43"
1209,111/12/12,"14,658.46","14,658.46","14,538.66","14,612.59"
1210,111/12/13,"14,617.86","14,658.70","14,515.74","14,522.96"
1211,111/12/14,"14,557.56","14,739.36","14,557.56","14,739.36"
1212,111/12/15,"14,692.92","14,756.38","14,649.54","14,734.13"
1213,111/12/16,"14,554.21","14,568.31","14,447.77","14,528.55"
1214,111/12/19,"14,478.45","14,493.72","14,411.81","14,433.32"
1215,111/12/20,"14,410.75","14,451.91","14,157.99","14,170.03"
1216,111/12/21,"14,205.06","14,291.98","14,197.86","14,234.40"
1217,111/12/22,"14,323.04","14,442.94","14,323.04","14,442.94"
1218,111/12/23,"14,318.12","14,318.12","14,192.98","14,271.63"
1219,111/12/26,"14,271.20","14,301.11","14,253.20","14,285.13"
1220,111/12/27,"14,310.19","14,410.24","14,310.19","14,328.43"
1221,111/12/28,"14,249.83","14,249.83","14,119.30","14,173.10"
1222,111/12/29,"14,097.51","14,120.57","13,981.63","14,085.02"
1223,111/12/30,"14,183.52","14,248.90","14,137.69","14,137.69"
1224,112/01/03,"14,108.16","14,237.94","14,001.97","14,224.12"
1225,112/01/04,"14,186.95","14,257.45","14,177.97","14,199.13"
1226,112/01/05,"14,285.12","14,357.60","14,270.93","14,301.05"
1227,112/01/06,"14,278.52","14,384.92","14,278.52","14,373.34"
1228,112/01/09,"14,504.47","14,752.21","14,504.47","14,752.21"
1229,112/01/10,"14,796.27","14,816.13","14,728.56","14,802.96"
1230,112/01/11,"14,822.86","14,842.74","14,734.44","14,751.44"
1231,112/01/12,"14,780.58","14,813.31","14,700.73","14,731.64"
1232,112/01/13,"14,923.05","14,962.31","14,822.15","14,824.13"
1233,112/01/16,"14,895.26","14,960.92","14,895.26","14,927.01"
1234,112/01/17,"14,922.34","14,945.23","14,884.78","14,932.93"
1235,112/01/30,"15,291.53","15,493.82","15,291.53","15,493.82"
1236,112/01/31,"15,419.21","15,441.98","15,265.20","15,265.20"
1237,112/02/01,"15,346.35","15,420.13","15,291.68","15,420.13"
1238,112/02/02,"15,508.83","15,602.09","15,496.52","15,595.16"
1239,112/02/03,"15,591.95","15,617.73","15,504.03","15,602.66"
1240,112/02/06,"15,514.80","15,514.80","15,392.82","15,392.82"
1241,112/02/07,"15,376.12","15,462.10","15,363.65","15,400.91"
1242,112/02/08,"15,538.71","15,631.22","15,520.05","15,618.17"
1243,112/02/09,"15,590.00","15,617.34","15,553.84","15,598.71"
1244,112/02/10,"15,627.33","15,628.30","15,546.11","15,586.65"
1245,112/02/13,"15,564.76","15,569.99","15,465.56","15,544.28"
1246,112/02/14,"15,584.74","15,669.63","15,584.74","15,654.48"
1247,112/02/15,"15,497.67","15,553.68","15,388.85","15,432.89"
1248,112/02/16,"15,474.46","15,585.48","15,474.46","15,550.50"
1249,112/02/17,"15,503.75","15,503.75","15,418.43","15,479.70"
1250,112/02/20,"15,452.01","15,575.32","15,436.66","15,551.23"
1251,112/02/21,"15,535.64","15,567.74","15,496.73","15,563.00"
1252,112/02/22,"15,541.17","15,541.17","15,345.93","15,418.77"
1253,112/02/23,"15,463.46","15,657.63","15,463.46","15,615.41"
1254,112/02/24,"15,669.88","15,717.96","15,503.79","15,503.79"
1255,112/03/01,"15,435.38","15,617.03","15,387.38","15,598.49"
1256,112/03/02,"15,580.28","15,618.06","15,492.37","15,598.72"
1257,112/03/03,"15,621.36","15,713.42","15,606.85","15,608.42"
1258,112/03/06,"15,675.28","15,818.88","15,675.28","15,763.51"
1259,112/03/07,"15,763.87","15,879.16","15,749.04","15,857.89"
1260,112/03/08,"15,819.18","15,821.49","15,740.98","15,818.20"
1261,112/03/09,"15,827.98","15,878.75","15,770.66","15,770.66"
1262,112/03/10,"15,729.29","15,729.29","15,488.71","15,526.20"
1263,112/03/13,"15,514.03","15,571.17","15,349.67","15,560.49"
1264,112/03/14,"15,517.74","15,517.74","15,348.12","15,360.42"
1265,112/03/15,"15,425.99","15,526.73","15,387.59","15,387.59"
1266,112/03/16,"15,334.25","15,334.25","15,186.74","15,221.12"
1267,112/03/17,"15,337.97","15,452.96","15,337.97","15,452.96"
1268,112/03/20,"15,454.75","15,488.98","15,399.07","15,419.97"
1269,112/03/21,"15,437.95","15,547.97","15,437.95","15,513.45"
1270,112/03/22,"15,535.17","15,760.46","15,535.17","15,760.46"
1271,112/03/23,"15,711.60","15,882.75","15,680.84","15,863.95"
1272,112/03/24,"15,869.84","15,921.97","15,845.99","15,914.70"
1273,112/03/27,"15,873.67","15,902.06","15,821.63","15,830.31"
1274,112/03/28,"15,790.70","15,846.54","15,685.59","15,701.48"
1275,112/03/29,"15,766.29","15,811.20","15,681.10","15,769.76"
1276,112/03/30,"15,824.65","15,885.21","15,791.75","15,849.43"
1277,112/03/31,"15,874.19","15,951.80","15,857.19","15,868.06"
1278,112/04/06,"15,838.07","15,838.07","15,733.29","15,810.77"
1279,112/04/07,"15,856.19","15,877.99","15,811.19","15,836.50"
1280,112/04/10,"15,850.94","15,919.76","15,850.94","15,876.17"
1281,112/04/11,"15,886.46","15,945.63","15,838.10","15,913.88"
1282,112/04/12,"15,914.15","15,944.32","15,867.02","15,932.97"
1283,112/04/13,"15,888.63","15,913.20","15,800.42","15,804.76"
1284,112/04/14,"15,854.25","15,973.82","15,854.25","15,929.43"
1285,112/04/17,"15,934.64","15,963.55","15,894.77","15,963.55"
1286,112/04/18,"15,967.89","15,967.89","15,851.71","15,869.44"
1287,112/04/19,"15,874.65","15,915.39","15,756.75","15,770.47"
1288,112/04/20,"15,771.45","15,804.38","15,686.54","15,707.52"
1289,112/04/21,"15,776.54","15,802.93","15,592.96","15,602.99"
1290,112/04/24,"15,555.10","15,643.86","15,529.39","15,626.87"
1291,112/04/25,"15,606.83","15,639.49","15,353.22","15,370.73"
1292,112/04/26,"15,352.03","15,398.40","15,284.46","15,374.63"
1293,112/04/27,"15,374.39","15,455.88","15,306.69","15,411.49"
1294,112/04/28,"15,477.34","15,580.63","15,477.34","15,579.18"
1295,112/05/02,"15,588.68","15,651.23","15,532.63","15,636.48"
1296,112/05/03,"15,629.51","15,629.51","15,530.79","15,553.41"
1297,112/05/04,"15,548.02","15,622.41","15,523.50","15,609.03"
1298,112/05/05,"15,627.93","15,673.62","15,578.67","15,626.07"
1299,112/05/08,"15,648.54","15,757.80","15,648.54","15,699.57"
1300,112/05/09,"15,702.26","15,744.27","15,635.90","15,727.70"
1301,112/05/10,"15,708.48","15,711.39","15,579.49","15,641.76"
1302,112/05/11,"15,666.49","15,675.37","15,501.58","15,514.64"
1303,112/05/12,"15,477.12","15,545.99","15,424.42","15,502.36"
1304,112/05/15,"15,489.18","15,510.09","15,434.52","15,475.05"
1305,112/05/16,"15,550.57","15,723.95","15,550.57","15,673.90"
1306,112/05/17,"15,702.74","15,961.97","15,698.63","15,925.29"
1307,112/05/18,"16,060.26","16,128.72","16,015.62","16,101.88"
1308,112/05/19,"16,146.29","16,189.81","16,099.90","16,174.92"
1309,112/05/22,"16,168.74","16,202.92","16,131.55","16,180.89"
1310,112/05/23,"16,186.15","16,239.50","16,121.45","16,188.03"
1311,112/05/24,"16,186.62","16,186.62","16,070.16","16,159.32"
1312,112/05/25,"16,163.95","16,323.77","16,163.95","16,292.00"
1313,112/05/26,"16,509.14","16,537.79","16,457.74","16,505.05"
1314,112/05/29,"16,610.86","16,683.76","16,597.38","16,636.30"
1315,112/05/30,"16,648.77","16,681.19","16,579.13","16,622.74"
1316,112/05/31,"16,593.53","16,636.65","16,491.90","16,578.96"
1317,112/06/01,"16,511.00","16,555.50","16,477.43","16,512.65"
1318,112/06/02,"16,525.00","16,752.20","16,525.00","16,706.91"
1319,112/06/05,"16,714.48","16,781.19","16,703.60","16,714.43"
1320,112/06/06,"16,712.98","16,793.81","16,699.83","16,761.66"
1321,112/06/07,"16,771.76","16,922.48","16,771.76","16,922.48"
1322,112/06/08,"16,864.18","16,899.51","16,694.21","16,733.69"
1323,112/06/09,"16,775.92","16,895.99","16,775.92","16,886.40"
1324,112/06/12,"16,899.49","16,999.72","16,899.49","16,955.37"
1325,112/06/13,"17,135.84","17,254.96","17,129.23","17,216.60"
1326,112/06/14,"17,190.70","17,259.23","17,182.18","17,238.14"
1327,112/06/15,"17,259.37","17,346.32","17,259.37","17,334.98"
1328,112/06/16,"17,342.86","17,342.86","17,250.79","17,288.91"
1329,112/06/19,"17,274.07","17,306.81","17,210.87","17,274.56"
1330,112/06/20,"17,233.80","17,247.16","17,121.59","17,184.91"
1331,112/06/21,"17,186.72","17,246.77","17,131.45","17,202.40"
1332,112/06/26,"17,182.48","17,182.48","17,011.28","17,059.24"
1333,112/06/27,"17,022.15","17,035.49","16,887.90","16,887.90"
1334,112/06/28,"16,906.23","17,011.12","16,903.71","16,935.63"
1335,112/06/29,"16,930.41","17,077.44","16,911.38","16,942.30"
1336,112/06/30,"16,870.27","16,919.95","16,792.34","16,915.54"
1337,112/07/03,"16,946.71","17,103.73","16,946.71","17,084.20"
1338,112/07/04,"17,055.19","17,154.10","17,042.60","17,140.77"
1339,112/07/05,"17,130.26","17,153.17","17,020.01","17,056.43"
1340,112/07/06,"17,017.09","17,017.09","16,749.29","16,762.17"
1341,112/07/07,"16,736.94","16,762.39","16,593.84","16,664.21"
1342,112/07/10,"16,667.43","16,798.81","16,635.83","16,652.80"
1343,112/07/11,"16,675.69","16,898.91","16,675.69","16,898.91"
1344,112/07/12,"16,903.25","16,962.03","16,864.01","16,962.03"
1345,112/07/13,"16,994.59","17,223.86","16,994.59","17,061.40"
1346,112/07/14,"17,152.81","17,287.40","17,128.07","17,283.71"
1347,112/07/17,"17,279.11","17,346.66","17,235.92","17,334.29"
1348,112/07/18,"17,368.36","17,401.59","17,164.92","17,227.91"
1349,112/07/19,"17,265.38","17,340.82","17,082.54","17,116.44"
1350,112/07/20,"17,104.91","17,214.41","17,098.65","17,164.89"
1351,112/07/21,"17,106.29","17,106.29","16,859.13","17,030.70"
1352,112/07/24,"17,036.79","17,098.73","16,941.15","17,033.61"
1353,112/07/25,"17,061.88","17,270.20","17,061.88","17,198.89"
1354,112/07/26,"17,205.47","17,247.02","17,121.99","17,162.55"
1355,112/07/27,"17,189.30","17,282.86","17,189.30","17,241.82"
1356,112/07/28,"17,244.51","17,328.21","17,179.94","17,292.93"
1357,112/07/31,"17,341.04","17,463.76","17,081.48","17,145.43"
1358,112/08/01,"17,141.97","17,252.32","17,095.86","17,212.87"
1359,112/08/02,"17,207.22","17,212.55","16,844.57","16,893.73"
1360,112/08/04,"16,847.24","16,887.38","16,748.51","16,843.68"
1361,112/08/07,"16,870.81","17,032.32","16,868.74","16,996.00"
1362,112/08/08,"17,006.46","17,043.56","16,812.59","16,877.07"
1363,112/08/09,"16,836.64","16,956.73","16,798.50","16,870.94"
1364,112/08/10,"16,827.11","16,827.11","16,601.17","16,634.70"
1365,112/08/11,"16,644.65","16,766.84","16,601.25","16,601.25"
1366,112/08/14,"16,585.41","16,585.41","16,307.28","16,393.66"
1367,112/08/15,"16,438.63","16,546.01","16,437.63","16,454.80"
1368,112/08/16,"16,422.20","16,446.78","16,304.44","16,446.78"
1369,112/08/17,"16,411.63","16,550.11","16,264.65","16,516.66"
1370,112/08/18,"16,508.46","16,583.95","16,344.29","16,381.31"
1371,112/08/21,"16,414.14","16,485.25","16,347.77","16,381.49"
1372,112/08/22,"16,429.69","16,535.07","16,407.83","16,437.61"
1373,112/08/23,"16,440.39","16,588.51","16,440.39","16,576.90"
1374,112/08/24,"16,651.03","16,822.36","16,651.03","16,770.87"
1375,112/08/25,"16,708.53","16,708.53","16,481.58","16,481.58"
1376,112/08/28,"16,498.86","16,582.96","16,498.86","16,509.26"
1377,112/08/29,"16,528.49","16,627.70","16,495.76","16,623.65"
1378,112/08/30,"16,666.33","16,780.42","16,666.33","16,719.82"
1379,112/08/31,"16,707.35","16,712.22","16,630.67","16,634.51"
1380,112/09/01,"16,640.92","16,730.13","16,619.23","16,644.94"
1381,112/09/04,"16,649.67","16,789.69","16,648.51","16,789.69"
1382,112/09/05,"16,784.12","16,791.61","16,727.44","16,791.61"
1383,112/09/06,"16,796.37","16,841.19","16,732.69","16,738.16"
1384,112/09/07,"16,715.45","16,715.45","16,609.94","16,619.14"
1385,112/09/08,"16,609.93","16,609.93","16,505.64","16,576.02"
1386,112/09/11,"16,579.83","16,600.03","16,398.30","16,432.95"
1387,112/09/12,"16,433.82","16,579.86","16,422.91","16,572.71"
1388,112/09/13,"16,578.13","16,653.30","16,542.72","16,581.51"
1389,112/09/14,"16,581.62","16,807.56","16,581.62","16,807.56"
1390,112/09/15,"16,809.74","16,920.92","16,787.74","16,920.92"
1391,112/09/18,"16,893.97","16,893.97","16,698.24","16,698.24"
1392,112/09/19,"16,706.48","16,762.52","16,636.32","16,636.32"
1393,112/09/20,"16,626.61","16,665.27","16,522.38","16,534.75"
1394,112/09/21,"16,475.42","16,475.42","16,300.54","16,316.67"
1395,112/09/22,"16,267.32","16,360.96","16,202.43","16,344.48"
1396,112/09/25,"16,345.78","16,498.38","16,345.78","16,452.23"
1397,112/09/26,"16,440.26","16,440.26","16,276.07","16,276.07"
1398,112/09/27,"16,273.84","16,324.22","16,212.86","16,310.36"
1399,112/09/28,"16,330.71","16,411.28","16,311.41","16,353.74"
1400,112/10/02,"16,382.96","16,575.31","16,382.96","16,557.31"
1401,112/10/03,"16,520.24","16,571.66","16,453.80","16,454.34"
1402,112/10/04,"16,419.48","16,419.48","16,203.34","16,273.38"
1403,112/10/05,"16,313.89","16,477.61","16,313.89","16,453.52"
1404,112/10/06,"16,482.93","16,539.13","16,482.93","16,520.57"
1405,112/10/11,"16,567.43","16,729.50","16,567.43","16,672.03"
1406,112/10/12,"16,698.85","16,825.91","16,684.43","16,825.91"
1407,112/10/13,"16,815.91","16,815.91","16,726.43","16,782.57"
1408,112/10/16,"16,712.93","16,712.93","16,614.10","16,652.24"
1409,112/10/17,"16,678.28","16,770.64","16,618.30","16,642.55"
1410,112/10/18,"16,608.02","16,612.25","16,398.76","16,440.91"
1411,112/10/19,"16,416.54","16,479.35","16,382.40","16,452.73"
1412,112/10/20,"16,434.43","16,462.56","16,271.82","16,440.72"
1413,112/10/23,"16,391.41","16,391.41","16,245.84","16,251.36"
1414,112/10/24,"16,257.80","16,318.77","16,163.00","16,309.76"
1415,112/10/25,"16,320.71","16,459.34","16,320.71","16,358.89"
1416,112/10/26,"16,305.16","16,305.16","16,073.74","16,073.74"
1417,112/10/27,"16,112.75","16,200.30","16,112.75","16,134.61"
1418,112/10/30,"16,142.06","16,203.33","16,101.24","16,149.68"
1419,112/10/31,"16,176.58","16,215.35","15,975.91","16,001.27"
